"Pound, Ezra","Abbott, Beatrice",9
"Pound, Ezra","Abercrombie, Lascelles",2
"Pound, Ezra","Abernethy, Milton A.",2
"Pound, Ezra",Academy of American Poets,27
"Pound, Ezra",Academy of Political Science (New York),2
"Pound, Ezra",Action,2
"Pound, Ezra",Action Nouvelle,2
"Pound, Ezra","Adamic, Louis",2
"Pound, Ezra","Adams, B. M. G.",32
"Pound, Ezra","Adelman, George",2
"Pound, Ezra",The Adelphi,2
"Pound, Ezra","Adivar, Halide Edib",2
"Pound, Ezra","Adolf, Gustav",2
"Pound, Ezra","Agee, James",2
"Pound, Ezra",Agenda,2
"Pound, Ezra","Agresti, Olivia Rossetti",30
"Pound, Ezra","Aiken, Conrad",2
"Pound, Ezra","Aitken, D. F.",2
"Pound, Ezra","Albatross Press, The",2
"Pound, Ezra",Alcestis; a poetry quarterly,2
"Pound, Ezra","Aldington, Hilda",2
"Pound, Ezra","Aldington, Richard",52
"Pound, Ezra","Aldrich, Amey",2
"Pound, Ezra","Alexander, Michael",2
"Pound, Ezra","Alhesse, Barbara",20
"Pound, Ezra","Al-Khal, Yousuf",2
"Pound, Ezra","Allen, Gov. Oscar K.",2
"Pound, Ezra","Allen (George) and Unwin, Ltd. (London)",15
"Pound, Ezra","Alvarez, Alfred",2
"Pound, Ezra","Amaral, José Vázquez",2
"Pound, Ezra","L'Ambrosiano, Milan",2
"Pound, Ezra","Amdur, Alice Steiner",2
"Pound, Ezra",America (New York),20
"Pound, Ezra",American Academy of Political and Social Science,2
"Pound, Ezra",American Book Company,2
"Pound, Ezra",American Council of Learned Societies,2
"Pound, Ezra",American Documentation Institute,2
"Pound, Ezra",American Liberty League,2
"Pound, Ezra",American Mercury,27
"Pound, Ezra",American Printing House for the Blind,2
"Pound, Ezra",The American Quarterly,2
"Pound, Ezra",The American Review,2
"Pound, Ezra",The American Spectator,2
"Pound, Ezra","Amery, Col. J. S.",2
"Pound, Ezra","Ames, Herman Vandenburg",2
"Pound, Ezra",Ana eccetera,9
"Pound, Ezra","Anceschi, Luciano",3
"Pound, Ezra","Andermacker, Pola and Gino",2
"Pound, Ezra","Anderson, Margaret C.",44
"Pound, Ezra","Andreani, Roberto",2
"Pound, Ezra","Andrews, G. N.",2
"Pound, Ezra","Andrews, Wayne",9
"Pound, Ezra","Angeli, Helen Rossetti",4
"Pound, Ezra","Angell, Norman, Sir",2
"Pound, Ezra","Angleton, James J.",3
"Pound, Ezra","Angoff, Charles",2
"Pound, Ezra","Angold, J. P.",8
"Pound, Ezra","de Angulo, Jaime",2
"Pound, Ezra","Ankenbrand, Frank",7
"Pound, Ezra","Annesley, Claire, Lady",2
"Pound, Ezra","Antheil, George",20
"Pound, Ezra","Anthony, Frank",11
"Pound, Ezra",Anti Europa,2
"Pound, Ezra","Anzilotti, Rolando",2
"Pound, Ezra","Aponte, Salvatore",2
"Pound, Ezra",Aquila Press,2
"Pound, Ezra","Aragon, Louis",11
"Pound, Ezra","Arche, Verlag der",5
"Pound, Ezra","Archer, Ray",2
"Pound, Ezra",Arena,2
"Pound, Ezra","Armstrong, A. Joseph",10
"Pound, Ezra","Arnold, Thurman",2
"Pound, Ezra",Arrow Editions,2
"Pound, Ezra",The Aryan Path,4
"Pound, Ezra","Ashwin, E. Allen",2
"Pound, Ezra",Associazone Internationale di Poesia,2
"Pound, Ezra",Athenaeum,2
"Pound, Ezra",The Atlantic Monthly,30
"Pound, Ezra",Attack,3
"Pound, Ezra",Audience,2
"Pound, Ezra","Aurrece, Daniel",2
"Pound, Ezra","Austin, Mary",2
"Pound, Ezra",Authors Club (New York),2
"Pound, Ezra","Avedon, Richard",2
"Pound, Ezra",Azienda Autonoma di Soggiorno e Curo di Merano,2
"Pound, Ezra","Baccelli, Amalia",2
"Pound, Ezra","Backus, Oswald",2
"Pound, Ezra",Bacigalupo family,29
"Pound, Ezra","Bacon, Frank",13
"Pound, Ezra","Bailey, David Algar",2
"Pound, Ezra","Baker, Carlos",2
"Pound, Ezra","Baker, Jacob",12
"Pound, Ezra","Bandini, Pilo",11
"Pound, Ezra","Bankhead, John H.",8
"Pound, Ezra","Barblan, Oscar",2
"Pound, Ezra","Bard, Josef",31
"Pound, Ezra","Bardi, P. M. (Pietro Maria)",4
"Pound, Ezra","Bardsley, W. L.",9
"Pound, Ezra","Barnard, Mary",27
"Pound, Ezra","Barnes, Djuna",2
"Pound, Ezra","Barnes, Giacomo (""Jim"")",15
"Pound, Ezra","Barney, Natalie Clifford",42
"Pound, Ezra","Baroni, Franco",2
"Pound, Ezra","Barral, Jean",10
"Pound, Ezra","Barry, Iris",9
"Pound, Ezra","Barton, Maj. H. G.",4
"Pound, Ezra","Barulli, Brenno",2
"Pound, Ezra","Barzun, Henri-Martin",32
"Pound, Ezra","Basso, Walther Armando",2
"Pound, Ezra",Basso & Cuniberti,6
"Pound, Ezra","Bassotti, Franco",2
"Pound, Ezra","Bates, Margaret Jane",10
"Pound, Ezra","Baxter, Viola",2
"Pound, Ezra","Bayes, Ronald H.",2
"Pound, Ezra","Beach, Sylvia",5
"Pound, Ezra","Beard, Charles Austin",2
"Pound, Ezra","Beaudoin, Kenneth Lawrence",2
"Pound, Ezra","Beck, Julian",7
"Pound, Ezra","Becker, John J.",5
"Pound, Ezra","Bedford, Agnes",41
"Pound, Ezra","Bedford, Hastings William Sackville Russell (Marquis of Tavistock)",2
"Pound, Ezra","Beekman, Frederick W.",10
"Pound, Ezra","Beerbohm, Max, Sir",10
"Pound, Ezra","Beevers, John L.",2
"Pound, Ezra","Belgion, Montgomery",13
"Pound, Ezra","Bell, Herbert Clifford Francis",2
"Pound, Ezra","Bell, Louise F.",5
"Pound, Ezra","Benatti, Ina",7
"Pound, Ezra","Benét, William Rose",2
"Pound, Ezra","Bengtson, Goran",2
"Pound, Ezra","Benkard, Ann S.",2
"Pound, Ezra","Berman, Louis",2
"Pound, Ezra","Bernabei, Gilberto",2
"Pound, Ezra","Bernobini, Paolo",2
"Pound, Ezra","Berry, John",3
"Pound, Ezra","Berryman, John",2
"Pound, Ezra","Berti, Luigi",4
"Pound, Ezra","Besseler, Heinrich",2
"Pound, Ezra","Beveridge, Ray",2
"Pound, Ezra","Bevione, Giuseppe",16
"Pound, Ezra","Bianchi, Gabriele",2
"Pound, Ezra","""Bibi-la-Bibiste""",2
"Pound, Ezra","Biddle, Francis",3
"Pound, Ezra","Biddle, George",4
"Pound, Ezra","Bierce, Ambrose",2
"Pound, Ezra","Biggins, C. A.",2
"Pound, Ezra","Bilenchi, Romano",2
"Pound, Ezra","Bing, Gladys",26
"Pound, Ezra","Binyon, Laurence",20
"Pound, Ezra",The Biosophical Review,4
"Pound, Ezra","Birch, Catharine",5
"Pound, Ezra","Birch, Robert",2
"Pound, Ezra","Bird, Otto",17
"Pound, Ezra","Bird, William",3
"Pound, Ezra","Bird, William",33
"Pound, Ezra","Bishop, Helen",2
"Pound, Ezra","Bishop, John Peale",2
"Pound, Ezra","Black, John",2
"Pound, Ezra","Blackburn, Paul",8
"Pound, Ezra","Blackmur, R. P. (Richard P.)",6
"Pound, Ezra",Black Sun Press,2
"Pound, Ezra","Blackwell, B. H., Ltd. (Oxford)",4
"Pound, Ezra","Blampied, Edmund",2
"Pound, Ezra","Blankenship, Paul",2
"Pound, Ezra","Blom, Eric",2
"Pound, Ezra",Blue Ridge Mountain Press,4
"Pound, Ezra",Blues; a magazine of new rhythms,2
"Pound, Ezra","Blunt, Anthony, Sir",2
"Pound, Ezra","Blunt, Wilfred Scawen",2
"Pound, Ezra","Boardman, Adele",2
"Pound, Ezra","Boatwright, Howard",2
"Pound, Ezra","Bocconi Luigi, Universita Commerciale",2
"Pound, Ezra","Bock, Robert L.",6
"Pound, Ezra","Bodini, Vittorio",2
"Pound, Ezra",Bodley Head,2
"Pound, Ezra","Bollea, Pierlisa",2
"Pound, Ezra","Bone, Homer Truett",2
"Pound, Ezra",Boni and Liveright,2
"Pound, Ezra",Books Abroad; an international literary quarterly,5
"Pound, Ezra","Book Club, The",2
"Pound, Ezra","Borah, William E.",7
"Pound, Ezra","Borgatti, Renata",2
"Pound, Ezra","Borghese, J. Valerio",2
"Pound, Ezra","Borsani, E.",3
"Pound, Ezra","Bosanquet, Theodora",19
"Pound, Ezra","Bose, Buddhadeva",7
"Pound, Ezra","Bosschère, Jean de",9
"Pound, Ezra",Boston Herald,2
"Pound, Ezra","Bottai, Guiseppe",2
"Pound, Ezra","Bottome, Phyllis",23
"Pound, Ezra","Bottrall, Ronald",4
"Pound, Ezra","Boultwood, Alban",2
"Pound, Ezra","Bowen, Catherine Drinker",2
"Pound, Ezra","Bowen, Stella",3
"Pound, Ezra","Bowers, Claude G.",2
"Pound, Ezra","Boyle, Kay",7
"Pound, Ezra","Boys, Henry",2
"Pound, Ezra","Bradley, William Aspinwell",2
"Pound, Ezra","Brancusi, Constantin",31
"Pound, Ezra","Brandt, Elisabeth",4
"Pound, Ezra","Brannon, Linn Mapel",2
"Pound, Ezra","Brant, Irving",2
"Pound, Ezra","Breasted, James Henry",2
"Pound, Ezra","Breeskin, Adelyn Dohme",2
"Pound, Ezra","Brenton, Arthur",2
"Pound, Ezra","Brewer, Joseph",3
"Pound, Ezra","Bridges, Robert",2
"Pound, Ezra","Bridson, D. G.",32
"Pound, Ezra","Brinnin, John Malcolm",2
"Pound, Ezra",British Broadcasting Corporation,2
"Pound, Ezra",British Italian Bulletin,2
"Pound, Ezra",British Union of Fascists,7
"Pound, Ezra","Britnieva, Mary",2
"Pound, Ezra","Brodzky, Horace",2
"Pound, Ezra","Broletto, Como",2
"Pound, Ezra","Brokaw, Vaughn Bachman",2
"Pound, Ezra","Bronner, Milton",2
"Pound, Ezra","Bronowski, Jacob",2
"Pound, Ezra","Brookhart, Smith W.",2
"Pound, Ezra","Brooks, Collin",2
"Pound, Ezra","Brooks, Romaine",10
"Pound, Ezra","Brooks, Van Wyck",22
"Pound, Ezra","Brown, Ashley",3
"Pound, Ezra","Brown, Edmund R.",2
"Pound, Ezra","Brown, John Lackay",24
"Pound, Ezra","Brown, Robert Carlton",7
"Pound, Ezra","Brown, Theodore",2
"Pound, Ezra","Browne, Ken",6
"Pound, Ezra","Bruce Humphries, Inc. (Boston)",2
"Pound, Ezra",Bryher,2
"Pound, Ezra","Bubb, Charles C.",2
"Pound, Ezra","Buchan, John",2
"Pound, Ezra","Buchanan, Meriel",2
"Pound, Ezra","Buchi, Joseph Henry",2
"Pound, Ezra","Buck, Howard L.",2
"Pound, Ezra","Buck, Pearl",2
"Pound, Ezra","Buffet-Picabia, Gabrielle",2
"Pound, Ezra","Bunker, Gerald",2
"Pound, Ezra","Bunting, Basil",40
"Pound, Ezra","Burd, Mary W.",9
"Pound, Ezra","Burdick, Usher Lloyd",2
"Pound, Ezra","Burnham, James",2
"Pound, Ezra","Burr, Anna Robeson Brown",2
"Pound, Ezra","Burton, Basil",2
"Pound, Ezra","Burzio, Filippo",2
"Pound, Ezra","Busha, Thomas C.",2
"Pound, Ezra","Buss, Kate",3
"Pound, Ezra","Butchart, G. Reeves",23
"Pound, Ezra","Butchart, Montgomery",6
"Pound, Ezra","Butchart, Montgomery",9
"Pound, Ezra","Butler, Nicholas Murray",7
"Pound, Ezra","Buttitta, Anthony J.",2
"Pound, Ezra","Butts, Mary",3
"Pound, Ezra","Bye, Raymond Taylor",2
"Pound, Ezra","Bynner, Witter",30
"Pound, Ezra","Cabella, Gian Gaetano",2
"Pound, Ezra",Cadmus Bookstore,2
"Pound, Ezra",Caedmon Publishers,2
"Pound, Ezra","Caico, Lina",22
"Pound, Ezra","Cairnie, Gordon",4
"Pound, Ezra","Cairns, Huntington",10
"Pound, Ezra","Calcagano, Tullio",2
"Pound, Ezra","Callaghan, Morley",2
"Pound, Ezra","Camagna, Carlo",7
"Pound, Ezra","Camerino, Aldo",9
"Pound, Ezra","Campbell, Joseph",2
"Pound, Ezra","de Campos, Harold",2
"Pound, Ezra",Canadian Broadcasting Corporation,2
"Pound, Ezra","Canby, Henry Seidel",21
"Pound, Ezra","Capes, John",2
"Pound, Ezra","Caplan, Albert",2
"Pound, Ezra","Cardoza, J. B. N.",2
"Pound, Ezra","Carisch, A. & G.",9
"Pound, Ezra","Carlini, Armando",2
"Pound, Ezra",Carnegie Endowment for International Peace,7
"Pound, Ezra","Carnevali, Emanuel",8
"Pound, Ezra","Carrega, Ugo",2
"Pound, Ezra","Carritt, Edgar Frederick",2
"Pound, Ezra","Carruth, Hayden",2
"Pound, Ezra","Cartier-Bresson, Henri",2
"Pound, Ezra","Casebolt, Casey",2
"Pound, Ezra","Casella, [Alfredo]",2
"Pound, Ezra","Castagneto, Maria",2
"Pound, Ezra","Causton, Bernard",33
"Pound, Ezra","Cavallari, Roberto",2
"Pound, Ezra","Cavalletti, F.",2
"Pound, Ezra","Cavalli, Giovanni",2
"Pound, Ezra","Cavefors, Bo",2
"Pound, Ezra","Caxton Printers, Ltd.",29
"Pound, Ezra","Cazort, Gege",5
"Pound, Ezra","Cela, Camilo José",2
"Pound, Ezra","Celli, John A.",2
"Pound, Ezra",Centro Italiano di Studi Americani (Rome),2
"Pound, Ezra","Centro Culturale ""Fratelli Bronzetti""",2
"Pound, Ezra",Confederazione Fascista Dei Lavoratori dell'Industria,2
"Pound, Ezra","Cerio, F. Ferruccio",2
"Pound, Ezra","Cerruti, John M.",5
"Pound, Ezra","Chakravarty, Amiya Chandra",9
"Pound, Ezra","Chamberlain, [Neville]",2
"Pound, Ezra","Chambers, E. K.",2
"Pound, Ezra","Chang, Carsun",2
"Pound, Ezra","Chang, Chia-sen",5
"Pound, Ezra","Chao, Tze-chiang",8
"Pound, Ezra","Chapman, Molly O'Fogerty",2
"Pound, Ezra","Charpentier, Edouard",2
"Pound, Ezra","Charlesworth, Barbara",2
"Pound, Ezra","Chatel, Jean C.",3
"Pound, Ezra","Chatterjee, Ramananda",2
"Pound, Ezra",Chatterji. Nimai,4
"Pound, Ezra",Chatto & Windus (London),2
"Pound, Ezra","Chaudhri, D. R.",2
"Pound, Ezra","Chauvet, Paul",2
"Pound, Ezra","Chester, Alfred",2
"Pound, Ezra","Chester, Carlos Tracy",2
"Pound, Ezra","Chesterton, G. K.",5
"Pound, Ezra",Chicago Review,6
"Pound, Ezra",Chicago Tribune (Paris),9
"Pound, Ezra","Chigi Saracini, Guido, conte",2
"Pound, Ezra","Chilanti, Filece",2
"Pound, Ezra","Child, Clarence Griffin",2
"Pound, Ezra","Chilesotti, Cici",2
"Pound, Ezra",The Chinese Recorder,2
"Pound, Ezra",Chinese World,2
"Pound, Ezra","Chouan's, Genevieve",2
"Pound, Ezra","""Christian"" (pseud)",2
"Pound, Ezra","""Christian""",8
"Pound, Ezra","Churchill, Edward George Spencer",2
"Pound, Ezra","Churchill, Randolph Spencer",2
"Pound, Ezra","Chute, Desmond",23
"Pound, Ezra","Ciano, Galeazzo",4
"Pound, Ezra","Ciardi, John",4
"Pound, Ezra","Cinelli, Delfino",2
"Pound, Ezra","Cini, Vittorio",2
"Pound, Ezra","Civis, E.",2
"Pound, Ezra","Clarkson, Richard",2
"Pound, Ezra","Clausetti, Claudio",2
"Pound, Ezra","Clemens, Cyril",28
"Pound, Ezra","Clermont-Tonnerre, Elisabeth (de Gramont, duchesse de)",2
"Pound, Ezra","Clodd, H. Alan",2
"Pound, Ezra","Coburn, Alvin Langdon",29
"Pound, Ezra","Cochran, Joseph H.",2
"Pound, Ezra","Cockburn, Claude",12
"Pound, Ezra","Cocteau, Jean",30
"Pound, Ezra","Cohrssen, Hans R. L.",3
"Pound, Ezra","Colbourne, Maurice",5
"Pound, Ezra","Cole, George Douglas Howard",2
"Pound, Ezra","Cole, Tom",2
"Pound, Ezra",College Poetry Society of America,2
"Pound, Ezra",Collier's: The National Weekly,2
"Pound, Ezra","Collignon, Raymonde",31
"Pound, Ezra","Collins, Wilkie Nelson",2
"Pound, Ezra","Colman, Kitt",4
"Pound, Ezra","Colt, Byron",4
"Pound, Ezra","Colum, Padraic",5
"Pound, Ezra",Columbia University,16
"Pound, Ezra","Comfort, Howard",5
"Pound, Ezra",Comitato fra gli enti di alta cultura (Florence),2
"Pound, Ezra",Committee for the Nation,2
"Pound, Ezra",Common Sense,2
"Pound, Ezra",Connecticut American,2
"Pound, Ezra","Contri, Siro",2
"Pound, Ezra","Conner, Bruce",2
"Pound, Ezra","Connolly, Cyril",2
"Pound, Ezra","Connolly, Thomas Edmund",4
"Pound, Ezra","Conrad, Joseph",2
"Pound, Ezra",Contact (New York),2
"Pound, Ezra",Contact Editions,2
"Pound, Ezra",Contempo,4
"Pound, Ezra",Contemporary Poetry and Prose,2
"Pound, Ezra","Contini, Ennio",2
"Pound, Ezra","Cookson, William",12
"Pound, Ezra","Cooper, Diana Manners, Viscountess Norwich",6
"Pound, Ezra","Cooper, Julian",2
"Pound, Ezra","Cope, Sarah Perkins",2
"Pound, Ezra","Corke, Helen",2
"Pound, Ezra","Cornell, Julien D.",2
"Pound, Ezra","Cornfield, Silas",2
"Pound, Ezra","Coronel Urtecho, Jose",2
"Pound, Ezra",Corriere Mercantile,17
"Pound, Ezra",Corvina,2
"Pound, Ezra","Cory, Daniel",24
"Pound, Ezra","Cosciu, Dante",2
"Pound, Ezra","Cosco, Giuseppina Sperandeo",18
"Pound, Ezra","Coselschi, Eugenio",27
"Pound, Ezra","Cosgrave, John O'Hara",31
"Pound, Ezra","Coughlin, Charles, Rev.",5
"Pound, Ezra","Coulson, Richard",2
"Pound, Ezra","Cournos, John",12
"Pound, Ezra","Courtney, William Leonard",2
"Pound, Ezra","Covici, Friede, Inc.",15
"Pound, Ezra",Covington & Burling,2
"Pound, Ezra","Cowley, Malcolm",2
"Pound, Ezra","Cowley, William H.",2
"Pound, Ezra","Cox, Arthur",2
"Pound, Ezra","Creeley, Robert",2
"Pound, Ezra","Creekmore, Hubert",2
"Pound, Ezra","Crescini, Vincenzo",2
"Pound, Ezra","Crisula, Leandro",2
"Pound, Ezra","Critchfield & Company, advertising",2
"Pound, Ezra",Criterion,2
"Pound, Ezra","Croft, Diana",2
"Pound, Ezra","Croft, Henry Page",2
"Pound, Ezra","Crompton, Yorke",7
"Pound, Ezra","Crosby, Caresse",9
"Pound, Ezra","Cross, Mary Moore",24
"Pound, Ezra","Cross, Wilbur",2
"Pound, Ezra","Crowder, Henry",2
"Pound, Ezra","Cullen, Countee",2
"Pound, Ezra","Cullis, Michael F.",7
"Pound, Ezra","Cummings, E. E.",33
"Pound, Ezra","Cummings, Marion",2
"Pound, Ezra","Cunard, Emerald Maud Alice Burke, Lady",17
"Pound, Ezra","Cunard, Nancy",6
"Pound, Ezra","Cunard, Nancy",17
"Pound, Ezra","Cunningham, Lulu",10
"Pound, Ezra","Cunninghame, Graham R. B. (Robert Bontine)",21
"Pound, Ezra",Current Controversy,2
"Pound, Ezra","Currier, Everett Raymonde",2
"Pound, Ezra","Curtis Brown, Ltd.",35
"Pound, Ezra","Cushard, William G.",4
"Pound, Ezra","Cutting, Bronson Murray",6
"Pound, Ezra","Dadone, Ugo",4
"Pound, Ezra","Dagilaitis, John",7
"Pound, Ezra","Dahlberg, Edward",8
"Pound, Ezra","Daiches, David",2
"Pound, Ezra",Daily Telegraph,4
"Pound, Ezra",The Daily Worker,2
"Pound, Ezra","Daladier, Edouard",2
"Pound, Ezra","Dalmon, Charles William",2
"Pound, Ezra","d'Althan, Nino",2
"Pound, Ezra","Dalton, Hugh & Ruth",2
"Pound, Ezra","Damrosch, Walter",2
"Pound, Ezra","Darantière, Maurice",2
"Pound, Ezra",Dartmouth College Library,2
"Pound, Ezra","Das, Prafulla Chandra",5
"Pound, Ezra","Davenport, Guy",7
"Pound, Ezra","Davidson, Eugene",5
"Pound, Ezra","Davie, Donald",2
"Pound, Ezra","Davies, Ingrid",4
"Pound, Ezra","Davies, Ingrid",9
"Pound, Ezra","Davies, Langdon",2
"Pound, Ezra","Davies, Richard",3
"Pound, Ezra","Davis, Edward",4
"Pound, Ezra","Davray, Henry D.",2
"Pound, Ezra","Dana, Richard H.",2
"Pound, Ezra","Darantiere, Maurice",2
"Pound, Ezra","Day, James",2
"Pound, Ezra","Dazzi, Manilo Torquato",37
"Pound, Ezra","De Angelis, Vittorio",2
"Pound, Ezra","De Barbieri, Vittorio",2
"Pound, Ezra","De Bosis, Lauro",2
"Pound, Ezra","de Courten, Maria Luisa Giartosio",6
"Pound, Ezra",Defenders of the American Constitution,2
"Pound, Ezra","de Feo, Luciano",2
"Pound, Ezra",De Giglio,2
"Pound, Ezra","degli Uberti, Ricardo",21
"Pound, Ezra","degli Uberti, Ubaldo",28
"Pound, Ezra","de Gramont, Sanche",2
"Pound, Ezra","de Janosi, Carlotte Engel",3
"Pound, Ezra","De Kruif, Paul Henry",3
"Pound, Ezra","Delaisi, Francis",2
"Pound, Ezra","De La Mare, Richard",6
"Pound, Ezra","De la Mare, Walter",2
"Pound, Ezra","Delcroix, Carlo",26
"Pound, Ezra","Dell, Floyd",2
"Pound, Ezra","Delmer, Frederic Sefton",2
"Pound, Ezra","De Paoli, Domenico",2
"Pound, Ezra","Del Pelopardi, Marcella",2
"Pound, Ezra",Delphian Society (Chicago),6
"Pound, Ezra","Del Valle, Pedro Augusto",6
"Pound, Ezra","Demetz, Peter",3
"Pound, Ezra","de Peverelli, Bruno",2
"Pound, Ezra","Desmond Harmsworth, Ltd.",2
"Pound, Ezra","de Stefano, G.",2
"Pound, Ezra","Deutsch, Babette",20
"Pound, Ezra","Devereaux, Nora",2
"Pound, Ezra","Devlin, Fr. Vianney M.",6
"Pound, Ezra","De Voto, Bernard",2
"Pound, Ezra","Dewey, Davis Rich",2
"Pound, Ezra","Dewey, John",2
"Pound, Ezra","Dewey, Thomas E.",2
"Pound, Ezra",The Dial,9
"Pound, Ezra",Dialoghi,2
"Pound, Ezra","Diamond, David",2
"Pound, Ezra","Dickey, James",3
"Pound, Ezra","Diehl, Charles",2
"Pound, Ezra","Dillon, George",2
"Pound, Ezra","Di Marzio, Cornelio",5
"Pound, Ezra",Direction,2
"Pound, Ezra","Dismorr, Jessica",19
"Pound, Ezra","Dixon, Vladimir",37
"Pound, Ezra","Dobbins, Elsa",2
"Pound, Ezra","Dobree, Bonamy",2
"Pound, Ezra","Dodson, Daniel",2
"Pound, Ezra","Dodsworth, Edmondo",2
"Pound, Ezra","Dolmetsch, Arnold",26
"Pound, Ezra","Dolmetsch, Carl Richard",2
"Pound, Ezra","Domvile, Barry, Sir",6
"Pound, Ezra","Donaldson, Norman",16
"Pound, Ezra","Dondo, Mathurin Marius",4
"Pound, Ezra","Donini, Filippo",2
"Pound, Ezra","Donnelly, Leo Charles",4
"Pound, Ezra","Doolittle, Hilda",2
"Pound, Ezra","Dorfman, Saul",2
"Pound, Ezra","Dorfner, Alois",2
"Pound, Ezra","Douglas, Alfred Bruce, Lord",2
"Pound, Ezra","Douglas, Clifford Hugh",12
"Pound, Ezra","Dowling, Lyle",2
"Pound, Ezra","Doyle, Fr. James",4
"Pound, Ezra",Drama League of America,2
"Pound, Ezra","Drinkwater, Francis Harold",2
"Pound, Ezra","Drummond, John",33
"Pound, Ezra","Duboin, [Jacques]",2
"Pound, Ezra","Duchamp, Marcel",2
"Pound, Ezra","Dudek, Louis",12
"Pound, Ezra","Duff, Charles",2
"Pound, Ezra","Dukes, Ashley",2
"Pound, Ezra","Dulac, Edmund",38
"Pound, Ezra","Duncan, Ethel",24
"Pound, Ezra","Duncan, Robert Edward",6
"Pound, Ezra","Duncan, Ronald Frederick Henry",44
"Pound, Ezra","Dunn, James Taylor",2
"Pound, Ezra","Dunn, William Gordon",2
"Pound, Ezra","Dunning, Ralph Cheever",2
"Pound, Ezra","Durrell, Lawrence",2
"Pound, Ezra","Dyer, Louise",6
"Pound, Ezra","Dyson, William Henry",2
"Pound, Ezra","Earp, Frank Russell",2
"Pound, Ezra",East & West,2
"Pound, Ezra","Eastman, Max",2
"Pound, Ezra","Eaton, Charles Edward",2
"Pound, Ezra","Eberhart, Richard",2
"Pound, Ezra",Economic Forum,4
"Pound, Ezra",Échanges (Paris),2
"Pound, Ezra","Ede, Harold Stanley",2
"Pound, Ezra",Ediciones Guadarrama,2
"Pound, Ezra","Edwards, A. C.",2
"Pound, Ezra","Edwards, Arthur Trystan",4
"Pound, Ezra",Edwards Brothers,5
"Pound, Ezra","Edwards, John B.",4
"Pound, Ezra","Edwards, John Hamilton",4
"Pound, Ezra","Einstein, Albert",2
"Pound, Ezra","Einstein, Carl",2
"Pound, Ezra","Ellerman, Winifred",2
"Pound, Ezra","Eliot, T. S.",59
"Pound, Ezra","Eliot, Valerie",2
"Pound, Ezra","Eliot, Vivien Haigh-Wood",2
"Pound, Ezra","Elizondo, Jose",2
"Pound, Ezra","Ellis, Dorothy",2
"Pound, Ezra","Elston, J.",4
"Pound, Ezra","Elwell-Sutton, Albert Sigismund",2
"Pound, Ezra","Emery, Clark",2
"Pound, Ezra","Emery, George L.",5
"Pound, Ezra","Engel, Carl",2
"Pound, Ezra","England, Robert D.",7
"Pound, Ezra",English Association,3
"Pound, Ezra",English Journal,7
"Pound, Ezra",English Review,28
"Pound, Ezra","Epstein, Jacob, Sir",2
"Pound, Ezra","Erskine, John",2
"Pound, Ezra","Espey, John Jenkins",4
"Pound, Ezra",Esquire; the Magazine for Men,7
"Pound, Ezra","Evans, David",2
"Pound, Ezra","Evans, Thomas Horace",2
"Pound, Ezra","Examiner (Bethlehem, Ct.)",2
"Pound, Ezra",The Exile,2
"Pound, Ezra","Ezekiel, Mordecai",2
"Pound, Ezra",Faber and Faber,27
"Pound, Ezra","Fack, Hugo",23
"Pound, Ezra","Fairly, Paul A.",2
"Pound, Ezra","Falqui, Enrico",2
"Pound, Ezra","Fang, Achilles",2
"Pound, Ezra","Fang, Chih-t'ung",15
"Pound, Ezra","Fanning, Peter",3
"Pound, Ezra","Farinacci, Roberto",6
"Pound, Ezra","Farrar, John",2
"Pound, Ezra",Farrar & Rinehart,3
"Pound, Ezra","Farrell, James T.",4
"Pound, Ezra",Fascist Quarterly,2
"Pound, Ezra","Fassin, Gustave",2
"Pound, Ezra","Faulkner, William",2
"Pound, Ezra","Favilla, Vikki",2
"Pound, Ezra","Fedele, Pietro",2
"Pound, Ezra","Federici, Nino Guerzoni",2
"Pound, Ezra","Feick, Mather",2
"Pound, Ezra","Fenollosa, Mary McNeil",4
"Pound, Ezra","Ferlinghetti, Lawrence",5
"Pound, Ezra","Ferrari, Gustave",2
"Pound, Ezra","Ferry, Frederick C.",2
"Pound, Ezra",Le Figaro Litteraire,2
"Pound, Ezra",Filippani-Ronconi family,16
"Pound, Ezra",The Financial News (London),2
"Pound, Ezra","Finger, Charles Joseph",2
"Pound, Ezra","Fischer, Walther L.",2
"Pound, Ezra","Fisher, Dorothy Canfield",2
"Pound, Ezra","Fisher, Irving",3
"Pound, Ezra",Fisk University,2
"Pound, Ezra","Fitts, Dudley",2
"Pound, Ezra","Fitzgerald, Desmond",14
"Pound, Ezra","Fitzgerald, Edward",2
"Pound, Ezra","Fitzgerald, James P.",5
"Pound, Ezra","Fitzgerald, Robert",25
"Pound, Ezra","Fitzgerald, William",2
"Pound, Ezra","Fjelde, Rolf",9
"Pound, Ezra","Fleming, Rudd",6
"Pound, Ezra","Fleming, William",2
"Pound, Ezra","Fletcher, Ifan Kyrle",2
"Pound, Ezra","Fletcher, J. B.",2
"Pound, Ezra","Fletcher, John Gould",30
"Pound, Ezra","Flint, Frank Stewart",33
"Pound, Ezra","Fogler, Sigmund",2
"Pound, Ezra","Fonte Basso, Alfonso Carlo",2
"Pound, Ezra","Ford, Charles Henri",10
"Pound, Ezra","Ford, Ford Madox",21
"Pound, Ezra","Ford, Janice Biala",2
"Pound, Ezra","Ford, Henry",2
"Pound, Ezra","Fordham, Montague",2
"Pound, Ezra","Forlin, Corrado",2
"Pound, Ezra",Forschungsinstitut Fur Kultur- morphologie,2
"Pound, Ezra","Forssell, Lars",3
"Pound, Ezra",The Fortnightly Review,5
"Pound, Ezra",Forum (New York),2
"Pound, Ezra","Foster, Harvey N.",3
"Pound, Ezra","Foster, Jeanne Robert Oliver",38
"Pound, Ezra",Four Pages,4
"Pound, Ezra",Four Winds Press,2
"Pound, Ezra","Fowler, Alfred, Mrs.",2
"Pound, Ezra","Fowler, Elaine W.",3
"Pound, Ezra","Fox, Douglas Claughton",2
"Pound, Ezra","Fraenkel, Michael",2
"Pound, Ezra","Frampton, Hollis",3
"Pound, Ezra","Franchetti, Luigino",3
"Pound, Ezra","Frank, Hans",2
"Pound, Ezra","Franklin, Albert Barnes",2
"Pound, Ezra","Franklin, Harold",7
"Pound, Ezra","Frazier, Sen. L. J.",2
"Pound, Ezra",Free Speech & Assembly Bulletin,2
"Pound, Ezra","French, Gloria",2
"Pound, Ezra","French, William",12
"Pound, Ezra","Friart, L.",2
"Pound, Ezra",Friends of National Spain,2
"Pound, Ezra",Frobenius-Institut an der Johann Wolfgang Goethe-Universitat,32
"Pound, Ezra",Front,2
"Pound, Ezra","Frost, Robert",2
"Pound, Ezra","Frost, Ruth Sterling",4
"Pound, Ezra","Fry, Varian",2
"Pound, Ezra","Fuller, John Frederick Charles",20
"Pound, Ezra","Fumagalli, Guiseppina",2
"Pound, Ezra",Funk and Wagnalls,2
"Pound, Ezra",Furioso (New Haven),2
"Pound, Ezra","Furniss, Robert M.",12
"Pound, Ezra",G.K.'s Weekly,4
"Pound, Ezra","Gadfly (Cambridge, Mass.)",2
"Pound, Ezra","Gale, Susan",2
"Pound, Ezra",Galleria del Milione (Milan),5
"Pound, Ezra","Gallippi, Alberto",2
"Pound, Ezra","Gallup, Donald Clifford",2
"Pound, Ezra","Galton, Arthur",2
"Pound, Ezra","Gambetti, Fidia",2
"Pound, Ezra","Gannett, Frank Ernest",2
"Pound, Ezra","Garcia Terres, Jaime",8
"Pound, Ezra","Gardner, John",2
"Pound, Ezra","Garibaldi, Fercinando",12
"Pound, Ezra","Gario, Gino",2
"Pound, Ezra","Garrett, Alice",2
"Pound, Ezra","Garzanti, Aldo, Editore",2
"Pound, Ezra","Gaspard-Michel, Raymonde",2
"Pound, Ezra","Gatter, Carl",4
"Pound, Ezra","Gatter, Elsie",2
"Pound, Ezra","Gaudier-Brzeska, Henri",2
"Pound, Ezra","Gauss, Christian",2
"Pound, Ezra","Gauthier-Villars, Henry",2
"Pound, Ezra",Gazzetta del Popolo,11
"Pound, Ezra","Gazzo, Emanuel",3
"Pound, Ezra","Gellert, Laurence",2
"Pound, Ezra",Genova (Genoa): municipal government,7
"Pound, Ezra","Genthe, Arnold",2
"Pound, Ezra","Gerhardt, Rainer M.",2
"Pound, Ezra","Gerhardt, Renate",2
"Pound, Ezra",Germany and You (Berlin),4
"Pound, Ezra","Gerstley, Margaret Leona",6
"Pound, Ezra","Gertler, Eudre",2
"Pound, Ezra","Ghiringhelli, Peppino",2
"Pound, Ezra","Ghose, Kali Mohon",2
"Pound, Ezra","Giannone, Richard J.",2
"Pound, Ezra","Gibelli, Giuseppe",2
"Pound, Ezra","Gibson, Arthur Leslie",7
"Pound, Ezra","Gilbert, Jack",2
"Pound, Ezra","Gillhoff, Gerd Aage",2
"Pound, Ezra","Gilling, Smith G. D.",6
"Pound, Ezra","Gilson, Etienne",2
"Pound, Ezra","Gingrich, Arnold",26
"Pound, Ezra",Giornale di Genova (Genova),7
"Pound, Ezra","Giovanelli, Felix Bruno",6
"Pound, Ezra","Giovannini, Giovanni",11
"Pound, Ezra","Giuffrida, F.",2
"Pound, Ezra",The Globe (Minneapolis-St. Paul),26
"Pound, Ezra","Glover, Etta",2
"Pound, Ezra","Glover, Halcott",2
"Pound, Ezra","Goacher, Denis",11
"Pound, Ezra","Goedel, Carl",2
"Pound, Ezra","Gold, Mike",8
"Pound, Ezra",Golden Eagle Press,2
"Pound, Ezra","Golding, Louis",2
"Pound, Ezra","Goldsborough, T. Alan",4
"Pound, Ezra","Golejinski, Honor",2
"Pound, Ezra","Gosse, Edmund William, Sir",2
"Pound, Ezra","Gordon, David",10
"Pound, Ezra","Gordon, Lewis Hall",2
"Pound, Ezra","[Gore-Booth, Eva]",2
"Pound, Ezra","Gorman, Herbert Sherman",2
"Pound, Ezra",Gotham Book Mart (New York),2
"Pound, Ezra","Goulart, Peter",2
"Pound, Ezra","Gould, Frederick James",3
"Pound, Ezra","Gould, Joe",12
"Pound, Ezra","Gourmont, Jean de",6
"Pound, Ezra","Grab, Frederick",6
"Pound, Ezra","Grainger-Kerr, M. E. [""Meg""]",2
"Pound, Ezra",Gran Premio Bergamo,2
"Pound, Ezra","Grande, Adriano [""Circoli""]",9
"Pound, Ezra","Graves, John D.",3
"Pound, Ezra","Gray, Edmund",2
"Pound, Ezra","Gray, Edward P.",2
"Pound, Ezra","Gray, Finly H.",4
"Pound, Ezra","Gray, Woods",9
"Pound, Ezra","Greacen, Patricia",2
"Pound, Ezra","Green, Gretchen",2
"Pound, Ezra",Green Shirts of England,2
"Pound, Ezra",Greenwich Time,2
"Pound, Ezra","Gregory, Augusta, Lady",2
"Pound, Ezra","Gregory, Horace",9
"Pound, Ezra","Grieve, Christopher Murray",2
"Pound, Ezra",Grolier Book Shop,2
"Pound, Ezra","Gruber, A., M.D.",2
"Pound, Ezra","Gruesen, John Joseph",2
"Pound, Ezra","Grut, Mario",2
"Pound, Ezra","Guandi, Ugo",8
"Pound, Ezra",The Guardian,2
"Pound, Ezra","Guenther, Charles",7
"Pound, Ezra","Guidi, Guido",2
"Pound, Ezra","Gun, Nerin E.",2
"Pound, Ezra","Guzzo, Augusto",2
"Pound, Ezra",H.D. (Hilda Doolittle),51
"Pound, Ezra",Hague & Gill Ltd.,10
"Pound, Ezra","Hall, Donald",4
"Pound, Ezra","Halmos, Laszlo",2
"Pound, Ezra","Hambleton, Ronald",2
"Pound, Ezra",Hamilton College,30
"Pound, Ezra","Hamilton, Edith",5
"Pound, Ezra","Hammarskjöld, Dag",4
"Pound, Ezra","Hammer, Jeanne-Ruth",2
"Pound, Ezra","Hammond, Douglas",4
"Pound, Ezra","Hammond, Featherstone",5
"Pound, Ezra","Hand, Claudius",6
"Pound, Ezra","Harald, Michael",2
"Pound, Ezra","Harcourt, Brace and Company (New York)",28
"Pound, Ezra","Hardie, Martin",2
"Pound, Ezra","Harding, E. A. F. (British Broadcasting Corp.)",2
"Pound, Ezra","Harding, E. A. F.",3
"Pound, Ezra",(British Broadcasting Corp.),2
"Pound, Ezra","Hardy, Thomas",8
"Pound, Ezra","Hare, Betty",3
"Pound, Ezra","Hargrave, John",14
"Pound, Ezra","Harmsworth, Desmond",3
"Pound, Ezra","Harper, Allanah",2
"Pound, Ezra","Harper, Elizabeth W.",2
"Pound, Ezra","Harper & Brothers, publishers",28
"Pound, Ezra","Harrell, Mary Ann",2
"Pound, Ezra","Harriman, Karl",2
"Pound, Ezra","Harris, R. A.",4
"Pound, Ezra",Hartford Conservatory of Music,2
"Pound, Ezra","Hartley, George",8
"Pound, Ezra","Hartmann, Sadakichi",13
"Pound, Ezra",The Harvard Advocate,2
"Pound, Ezra",The Harvard Crimson,2
"Pound, Ezra",Harvard University,24
"Pound, Ezra",Harvard University Press,7
"Pound, Ezra","Hatfield, W. Wilbur",2
"Pound, Ezra","Haughey, Marguerite",2
"Pound, Ezra","Hauptmann, Gerhart",17
"Pound, Ezra","Hawk, Harold W.",4
"Pound, Ezra","Hawkins, A. Desmond",5
"Pound, Ezra","Hawley, Charles A.",2
"Pound, Ezra","Hawley, William",11
"Pound, Ezra","Hayes, Gerald",10
"Pound, Ezra","Hayes, Ildiko",2
"Pound, Ezra","Head, Roy",2
"Pound, Ezra","Heald, Louise",2
"Pound, Ezra","Heap, Jane",15
"Pound, Ezra","Hemingway, Ernest",46
"Pound, Ezra","Henderson, Alice Corbin",19
"Pound, Ezra","Henderson, Wynifred (Hours Press)",2
"Pound, Ezra","Henghes, H.",17
"Pound, Ezra","Henry, L. Vaughan",2
"Pound, Ezra","Herbiet, Georges",12
"Pound, Ezra","Herlitschka, Herberth",3
"Pound, Ezra","Hersh, Virginia",2
"Pound, Ezra","Hersey, Harold Brainerd",2
"Pound, Ezra","Herter, Christian",20
"Pound, Ezra","Hess, Guido",8
"Pound, Ezra","Hesse, Eva",16
"Pound, Ezra","Hewlett, Maurice Henry",2
"Pound, Ezra","Heyman, Katherine Ruth",2
"Pound, Ezra","Hickok, Guy",14
"Pound, Ezra","Hield, Robert",5
"Pound, Ezra","Hightower, Robert",2
"Pound, Ezra","Hika (Kenyon College, Gambier, Ohio)",3
"Pound, Ezra","Hiler, Hilare",3
"Pound, Ezra","Hill, George Francis",2
"Pound, Ezra","Hill, Paul A.",2
"Pound, Ezra","Hirsch, Charlotte",8
"Pound, Ezra","Hobday, Robert",2
"Pound, Ezra","Hoehn, Matthew",2
"Pound, Ezra","Hoff, ""Grandma""",2
"Pound, Ezra","Hoffman, H. R.",3
"Pound, Ezra","Hoffmann, Rolf",2
"Pound, Ezra",Holborn Publishing Co. Ltd.,2
"Pound, Ezra","Holbrooke, Josef Charles",2
"Pound, Ezra","Hollis, Christopher",4
"Pound, Ezra","Holmes, T. V.",25
"Pound, Ezra","Holroyd-Reece, John (Albatross Press)",6
"Pound, Ezra","Hone, Joseph Maunsell",2
"Pound, Ezra","Hone, Vera",2
"Pound, Ezra","Hoover, Herbert",2
"Pound, Ezra","Hoover, Norman R.",2
"Pound, Ezra",Hopwood poetry contests: 1st series,2
"Pound, Ezra","Horton, T. David",7
"Pound, Ezra","Horton, Thomas T.",4
"Pound, Ezra",Houghton Mifflin & Co.,31
"Pound, Ezra",The Hound & Horn,2
"Pound, Ezra",Hours Press,2
"Pound, Ezra","House of El Dieff, Inc.",2
"Pound, Ezra","Howe, Marvine",11
"Pound, Ezra","Howell, Douglas Morse",3
"Pound, Ezra","Howell, Mary",8
"Pound, Ezra","Huddleston, Sisley",10
"Pound, Ezra","Hudson, William Henry",2
"Pound, Ezra",The Hudson Review,10
"Pound, Ezra","Hughes, Glenn",10
"Pound, Ezra","Hughes, Langston",4
"Pound, Ezra","Hughes, Rupert",33
"Pound, Ezra","Hull, Cordell",7
"Pound, Ezra","Hull, William",2
"Pound, Ezra","Hunt, John G.",2
"Pound, Ezra","Hunt, Violet",9
"Pound, Ezra","Husain, Itrat",2
"Pound, Ezra","Hutchings, C. M.",2
"Pound, Ezra","Hutchins, Patricia",12
"Pound, Ezra","Hutchison, Graham Seton",4
"Pound, Ezra","Hyatt, Miles",4
"Pound, Ezra","Hynes, Gladys ",33
"Pound, Ezra","Also stored in: Oversize, Box 235, folders 1-2",2
"Pound, Ezra","Hynes, Samuel Lynn",8
"Pound, Ezra","Ibbotson, Joseph D.",8
"Pound, Ezra","Ickes, Harold",6
"Pound, Ezra","Idlet, John",2
"Pound, Ezra",Imagi; mid-century American poetry,8
"Pound, Ezra","Imperiali, D. (Marchesa)",2
"Pound, Ezra",Independent (London),3
"Pound, Ezra","Indian Museum (Calcutta, India)",2
"Pound, Ezra",L'Indice (Genoa),2
"Pound, Ezra","Inge, William",2
"Pound, Ezra",Inland Review,2
"Pound, Ezra",International Association of University Professors of English,2
"Pound, Ezra",International Pocket Library Corp.,2
"Pound, Ezra",Intradestal i Svenska Akademien,2
"Pound, Ezra",Ireland. Dail Eireann,2
"Pound, Ezra","Iris, Scharmel",2
"Pound, Ezra",The Irish Times (Dublin),2
"Pound, Ezra",Isakssson. Folke,2
"Pound, Ezra",L'Italia Nostra (London),2
"Pound, Ezra","Italian Embassy, London",4
"Pound, Ezra","Ito, Michio",7
"Pound, Ezra",Itrat-Husain,2
"Pound, Ezra","Ivancich, Gianfranco",24
"Pound, Ezra","Iwasaki, Ryozo",5
"Pound, Ezra","Izzo, Carlo",26
"Pound, Ezra","Jacobs, Sidney A. (Golden Eagle Press)",2
"Pound, Ezra","James, Fleming Henry",8
"Pound, Ezra","James, Henry",2
"Pound, Ezra","Jammers, Ewald",2
"Pound, Ezra","Jankowski, Stanislaw",8
"Pound, Ezra","Jankowski, Stefanie",12
"Pound, Ezra",Japan Times & Mail (Tokyo),5
"Pound, Ezra","Jenks, Jorian E. F.",2
"Pound, Ezra","Jepson, Edgar",2
"Pound, Ezra","Jerrold, Douglas",2
"Pound, Ezra","Jeuck, William N.",5
"Pound, Ezra",John Bull (London),2
"Pound, Ezra",John Simon Guggenheim Memorial Foundation,29
"Pound, Ezra","Johns, Orrick",2
"Pound, Ezra","Johns, Richard",2
"Pound, Ezra","Johnson, Hewlett",6
"Pound, Ezra","Johnson, Hiram",2
"Pound, Ezra","Johnson, Reid",9
"Pound, Ezra","Johnston, Tom",2
"Pound, Ezra","Jonathan Cape, Ltd.",2
"Pound, Ezra","Jones, Owen",2
"Pound, Ezra","Jones, Tom",5
"Pound, Ezra","Jordan, David Starr",3
"Pound, Ezra","Jordan, R. C.",2
"Pound, Ezra","Jordan, Viola",31
"Pound, Ezra","Jordan, Viola",10
"Pound, Ezra",La Journal des Poetes (Brussels),29
"Pound, Ezra","Joyce, James",25
"Pound, Ezra","Joyce, James [miscellaneous papers]",49
"Pound, Ezra","Joyce, Lucia",2
"Pound, Ezra","Joyce, Stanislaus",2
"Pound, Ezra","Joyce, William",2
"Pound, Ezra",Juilliard Foundation or School of Music,2
"Pound, Ezra","Just, Ward",2
"Pound, Ezra","Kahn, Otto Hermann",7
"Pound, Ezra","KART Radio (Hailey, Idaho)",2
"Pound, Ezra","Kasper, John",20
"Pound, Ezra","Kast, Ludwig",2
"Pound, Ezra","Kavanagh, Patrick",4
"Pound, Ezra","Kearns, George",3
"Pound, Ezra","Kearton, [?]",2
"Pound, Ezra","Keedick, Lee",2
"Pound, Ezra","Kenner, Hugh",14
"Pound, Ezra","Kenway, Phillip T.",2
"Pound, Ezra","Keogh, Joseph",2
"Pound, Ezra","Kerr, Gordon",2
"Pound, Ezra","Kerr, M. E. Grainger",4
"Pound, Ezra","Kettner, Frederick",2
"Pound, Ezra","Keynes, John Maynard",2
"Pound, Ezra","Kimball, Dexter",2
"Pound, Ezra","Kimball, Dudley",2
"Pound, Ezra","King, Alexander",2
"Pound, Ezra","Kingwood Review (Salem, Ore.)",2
"Pound, Ezra","Kirstein, Lincoln",5
"Pound, Ezra","Kitasono, Katue",25
"Pound, Ezra","Kitson, Arthur",5
"Pound, Ezra","Kizer, Benjamin Hamilton",2
"Pound, Ezra","Knocker, E. H.",3
"Pound, Ezra","Knoll, Robert E.",2
"Pound, Ezra","Knopf, Alfred A., Inc. (New York)",2
"Pound, Ezra","Koch, P. M. (Four Winds Press)",9
"Pound, Ezra","Kodama, Sanehide",2
"Pound, Ezra","Komroff, Manuel",2
"Pound, Ezra","Konody, Paul George",2
"Pound, Ezra","Kostetzky, Eaghor G.",4
"Pound, Ezra","Koteliansky, Samuel Solomonovitch",2
"Pound, Ezra","Koume, Tami",3
"Pound, Ezra","Kremwitz-Buckton, Harry",2
"Pound, Ezra","Krim, Seymour",2
"Pound, Ezra","Kripalani, Krishna",2
"Pound, Ezra","Kwock, C. R.",2
"Pound, Ezra","Labroca, Mario",2
"Pound, Ezra","LaDriere, James Craig",8
"Pound, Ezra","Lady, Lee",2
"Pound, Ezra","La Follette, Suzanne",2
"Pound, Ezra","La Guardia, Fiorello",2
"Pound, Ezra","Laidlaw and Butchart, Ltd.",2
"Pound, Ezra",Laidlaw & Laidlaw,3
"Pound, Ezra","Lambart, Alfred",3
"Pound, Ezra","Lamont, Corliss",2
"Pound, Ezra","Lampman, Rex",10
"Pound, Ezra","Landini, Richard",2
"Pound, Ezra","Lane, Allen",2
"Pound, Ezra","Lane, John (Bodley Head Ltd.)",2
"Pound, Ezra","Lang, Cosmo Gordon",2
"Pound, Ezra","Langer, William",2
"Pound, Ezra","Lansbury, [?]",2
"Pound, Ezra","Lanza, Lorenzo Ercole",2
"Pound, Ezra","Larkin, James Crate",8
"Pound, Ezra","Larranaga, Pedro Juan Manuel",2
"Pound, Ezra","Larsson, Raymond Edward Francis",2
"Pound, Ezra","Lathrop, Henry Burrows",3
"Pound, Ezra","Latimer, Ronald Lane",2
"Pound, Ezra",Latin Quarterly,2
"Pound, Ezra","Laughlin, James",33
"Pound, Ezra","Laughlin, James",15
"Pound, Ezra",Il Lavoro (Genoa),10
"Pound, Ezra","Law, Hugh Alexander",2
"Pound, Ezra","Lawrence, Seymour",2
"Pound, Ezra","Lawrence, T. E.",20
"Pound, Ezra",League of American Writers,2
"Pound, Ezra","Leary, Lewis Gaston",5
"Pound, Ezra","Leavis, Frank",2
"Pound, Ezra","Lebeck, Anne",4
"Pound, Ezra","LeBeck, Morton",2
"Pound, Ezra","Le Cardonnel, Georges",2
"Pound, Ezra","Lee, Cuthbert",2
"Pound, Ezra","Leese, A. S.",2
"Pound, Ezra",The Left Review,2
"Pound, Ezra","Léger, Fernand",6
"Pound, Ezra","Leigh, W. Colston",2
"Pound, Ezra","Leippert, James G.",2
"Pound, Ezra","Lekakis, Michael",10
"Pound, Ezra","Lemke, William",2
"Pound, Ezra","Lenberg, Lore",7
"Pound, Ezra","Leona, Margaret",2
"Pound, Ezra","Leslie, Shane",2
"Pound, Ezra","Levi, Giorgio",2
"Pound, Ezra","LeWinter, Oswald",1766
"Pound, Ezra","Lewis, Joanna",2
"Pound, Ezra","Lewis, Joseph",2
"Pound, Ezra","Lewis, Norman",2
"Pound, Ezra","Lewis, Wyndham",47
"Pound, Ezra","Lewisohn, Ludwig",2
"Pound, Ezra","Leyden, Frank",2
"Pound, Ezra","Libero, Libero de",2
"Pound, Ezra",Libro e moschetto,4
"Pound, Ezra","Lienhard, John H.",2
"Pound, Ezra",Life,6
"Pound, Ezra","Lilienfeld, [?]",2
"Pound, Ezra","Limpus, Lowell M.",2
"Pound, Ezra","Linati, Carlo",27
"Pound, Ezra","Lind, Levi Robert",5
"Pound, Ezra","Lindsay, Elizabeth",2
"Pound, Ezra","Lindsay, Vachel",2
"Pound, Ezra","Listen, A Review of Poetry and Eroticism",2
"Pound, Ezra",The Listener,2
"Pound, Ezra",The Literary Digest,2
"Pound, Ezra",The Little Magazine,2
"Pound, Ezra",The Little Man,2
"Pound, Ezra",The Little Review,2
"Pound, Ezra","Littlefield, Lester",22
"Pound, Ezra","Liuzzi, Fernando",2
"Pound, Ezra","Liveright, Horace, Inc.",20
"Pound, Ezra",The Living Age,2
"Pound, Ezra",The Living Theatre,2
"Pound, Ezra","Logue, Christopher",7
"Pound, Ezra","Long, Breckinridge",2
"Pound, Ezra","Long, Huey",2
"Pound, Ezra","Longanesi, Leo",2
"Pound, Ezra","Longmans, Green & Co.",2
"Pound, Ezra","Loomis, Charles Battell",2
"Pound, Ezra","Lorenzatos, Zesimos",2
"Pound, Ezra","Lorimer, George Horace",2
"Pound, Ezra","Lovibond, Pamela",7
"Pound, Ezra","Lowe, Elias Avery",4
"Pound, Ezra","Lowell, Robert",29
"Pound, Ezra","Lowenfels, Walter (PLUS 1 FLDR XEROXES)",2
"Pound, Ezra","Lowry, Robert James",22
"Pound, Ezra","Lucas, John",2
"Pound, Ezra","Luchini, Alberto",17
"Pound, Ezra","Luciani, Sebastiano Arturo",4
"Pound, Ezra","Luciani, Virgilio",2
"Pound, Ezra","Lust, Geraldine",2
"Pound, Ezra",Luzac & Co.,2
"Pound, Ezra","Luzzatto, Patti",4
"Pound, Ezra","Lyden, Nora",2
"Pound, Ezra","Lyle, D. Joseph",2
"Pound, Ezra","Lyman, Betty",4
"Pound, Ezra","Lynes, Russell",2
"Pound, Ezra","Lyon, Fred M.",22
"Pound, Ezra","Maas, Maria Menken",2
"Pound, Ezra","Maas, Willard",10
"Pound, Ezra","McAlmon, Robert",31
"Pound, Ezra","McCaskey, Michael",3
"Pound, Ezra",McClure's Magazine,2
"Pound, Ezra","McCormack, Nancy Cox",35
"Pound, Ezra","McCormick, Bill",2
"Pound, Ezra","McDaniel, Walton B.",10
"Pound, Ezra","MacDiarmid, Hugh",2
"Pound, Ezra","MacDonald, Edward",2
"Pound, Ezra","Macdonald, Hugh",2
"Pound, Ezra","McGarva, H.",2
"Pound, Ezra","MacGregor, Robert",17
"Pound, Ezra","MacIntyre, Edward",10
"Pound, Ezra","MacKenzie, Donal",2
"Pound, Ezra","Mackie & Sons, Ltd.",2
"Pound, Ezra","MacKintosh, George Lewis",2
"Pound, Ezra","McLean, Alan",6
"Pound, Ezra","MacLeish, Archibald",35
"Pound, Ezra","MacLeod, Clarence John",2
"Pound, Ezra","Macleod, Joseph Gordon",10
"Pound, Ezra","Macleod, Norman",5
"Pound, Ezra","MacLow, Jackson",2
"Pound, Ezra","McLuhan, Marshall",4
"Pound, Ezra","Macmillan & Co., publishers (London)",36
"Pound, Ezra","Macnab, J. A.",4
"Pound, Ezra","McNaughton, William French",6
"Pound, Ezra","MacPherson, Douglass",2
"Pound, Ezra","MacShane, Frank",4
"Pound, Ezra","Madariaga, Salvadore",9
"Pound, Ezra","Magaret, Helene",9
"Pound, Ezra","Magnino, Leo",2
"Pound, Ezra","Mahr, [?]",2
"Pound, Ezra","Mairet, Philippe",12
"Pound, Ezra","Majolo, Renato",2
"Pound, Ezra","Major, Henry Dewsbury Alves",2
"Pound, Ezra","Malaparte, Curzio",4
"Pound, Ezra","Malye, Jean",2
"Pound, Ezra",Manchester Guardian,2
"Pound, Ezra","Mangan, John Sherry",12
"Pound, Ezra","Manners, Diana",2
"Pound, Ezra","Manni, Marcello",2
"Pound, Ezra","Manning, Frederic",12
"Pound, Ezra","Manning, Hugo",2
"Pound, Ezra","Mansfield, Margery",2
"Pound, Ezra","Manunta, [?] (Il Secolo-La Sera)",2
"Pound, Ezra","Manzini, Gianna",23
"Pound, Ezra","Mapel, Ida B.",27
"Pound, Ezra","Maraini, Fosco",6
"Pound, Ezra","Marcelletti, Mario",2
"Pound, Ezra","March, Richard",2
"Pound, Ezra","Marchi, Riccardo",6
"Pound, Ezra","Marconi, Alfonso",2
"Pound, Ezra","Marcoussis, Louis",2
"Pound, Ezra","Mardersteig, Giovanni",2
"Pound, Ezra",Il Mare Nostra,29
"Pound, Ezra",La Marina Repubblicana (Vicenza),2
"Pound, Ezra","Marinetti, Filippo Tommaso",13
"Pound, Ezra","Mark, Jeffrey",27
"Pound, Ezra","Marriot, Charles",2
"Pound, Ezra","Marsano, G. B.",10
"Pound, Ezra","Marshall, G. B.",2
"Pound, Ezra","Marston, Howard",5
"Pound, Ezra","Martell, Charles",8
"Pound, Ezra","Martin, Frank",2
"Pound, Ezra","Martin, John Jex",5
"Pound, Ezra","Martin, Joseph William",2
"Pound, Ezra","Martin, W. E. R.",6
"Pound, Ezra","Martin, Wallace",2
"Pound, Ezra","Martinelli, Sheri",11
"Pound, Ezra","Masefield, John",2
"Pound, Ezra","Masoliver, Juan Ramon",8
"Pound, Ezra","Masterman, Lucy Blanche Lyttelton",2
"Pound, Ezra","Masters, Edgar Lee",2
"Pound, Ezra","Mastrangelo, Aida",7
"Pound, Ezra","Mathers, E. Powys",10
"Pound, Ezra","Mathews, Elkin, Ltd. (London)",26
"Pound, Ezra",Le Matin (Paris),2
"Pound, Ezra","Matsumiya, Hajime",2
"Pound, Ezra","Matsuoka, Yosuke",2
"Pound, Ezra","Matz, Mary Jane",2
"Pound, Ezra","Maupin, Ralph",2
"Pound, Ezra","Maverick, Lewis",4
"Pound, Ezra","Mavrogordato, John",6
"Pound, Ezra","Maxon, Connie",2
"Pound, Ezra","Maxton, James",2
"Pound, Ezra","Mayerhofer, H.",2
"Pound, Ezra","Mayo, Robert Donald",8
"Pound, Ezra","Mayor, Alpheus Hyatt",3
"Pound, Ezra","Meacham, Harry M.",16
"Pound, Ezra",Meanjin Quarterly,2
"Pound, Ezra","Meiklejohn, Alexander",2
"Pound, Ezra","Mencken, H. L.",32
"Pound, Ezra","Mensdorf, Albert",2
"Pound, Ezra","Mercer, David",2
"Pound, Ezra","Merchant, W. Moelwyn",4
"Pound, Ezra",Mercure de France,35
"Pound, Ezra",Meridiano di Roma,5
"Pound, Ezra","Mesterton, Erik",4
"Pound, Ezra","Meynell, Vera",2
"Pound, Ezra","Mezzasoma, Fernando",3
"Pound, Ezra","Michelson, Max",2
"Pound, Ezra","Michigan, University of",2
"Pound, Ezra",Middlesex County Times,2
"Pound, Ezra","Miller, Fred R.",2
"Pound, Ezra","Miller, Henry",4
"Pound, Ezra","Miller, Vincent",6
"Pound, Ezra","Mills, Raymond",2
"Pound, Ezra","Miner, Earl Roy",4
"Pound, Ezra","Miner, Paul",2
"Pound, Ezra",Ministero degli Affari Esteri,2
"Pound, Ezra",Ministero della Cultura Popolare,6
"Pound, Ezra",Ministero dell'Educazione Nazionale,8
"Pound, Ezra",Ministero dell'Interno,2
"Pound, Ezra",Ministero delle Comunicazioni,9
"Pound, Ezra",Ministero per la Stampa e la Propaganda,4
"Pound, Ezra",Ministro della Cultura Popolare,2
"Pound, Ezra","Miro, Joan",2
"Pound, Ezra","Mitchell, C. Bradford",2
"Pound, Ezra",Mobile Press-Register,2
"Pound, Ezra","Mockel, Albert",19
"Pound, Ezra",Modern Age; a conservative review,2
"Pound, Ezra","Moe, Henry Allen",2
"Pound, Ezra","Moley, Raymond",3
"Pound, Ezra","Momigliano, Attilio",2
"Pound, Ezra","Mondadori, Arnoldo",25
"Pound, Ezra","Money, Leo George Chiozza, Sir",4
"Pound, Ezra","Monotti, Carlo",2
"Pound, Ezra","Monotti, Francesco",37
"Pound, Ezra","Monro, Alida Klemantaski",2
"Pound, Ezra","Monro, Harold",22
"Pound, Ezra","Monroe, Harriet",19
"Pound, Ezra","Montale, Eugenio",2
"Pound, Ezra","Montanari, Filippo",24
"Pound, Ezra","Montesi, E.",2
"Pound, Ezra","Monti, Luigi",2
"Pound, Ezra","Monti, Rolando",27
"Pound, Ezra","Moore, Arthur V.",23
"Pound, Ezra","Moore, Frank Leslie",8
"Pound, Ezra","Moore, Harry Thornton",2
"Pound, Ezra","Moore, John Gae",14
"Pound, Ezra","Moore, Marianne",49
"Pound, Ezra","Moore, Mary",2
"Pound, Ezra","Moore, Merrill",2
"Pound, Ezra",Morada; a tri-lingual quarterly,2
"Pound, Ezra","Morand, Paul",2
"Pound, Ezra","Morera, Antonio M.",2
"Pound, Ezra","Moretti, Marino",2
"Pound, Ezra","Morgan, Frederick",2
"Pound, Ezra","Morgenthau, Henry",3
"Pound, Ezra","Morri, Yasotaro",2
"Pound, Ezra","Morley, Frank",34
"Pound, Ezra",The Morning Post,8
"Pound, Ezra","Morris, William",6
"Pound, Ezra",Mosaic; a critical quarterly,2
"Pound, Ezra","Moses, George Higgens",2
"Pound, Ezra","Mosher, Thomas Bird",2
"Pound, Ezra","Mosley, Oswald, Sir",28
"Pound, Ezra","Moule, Arthur Christopher",2
"Pound, Ezra",Much Ado. A fortnightly.,2
"Pound, Ezra","Mudrick, Marvin",7
"Pound, Ezra","Muir, Roy",3
"Pound, Ezra","Mullins, Eustace Clarence",9
"Pound, Ezra","Münch, Gerhart",27
"Pound, Ezra","Munro, Ian",6
"Pound, Ezra","Munson, Gorham",17
"Pound, Ezra","Munson, J. John",2
"Pound, Ezra","Murphy, Gwendolen",3
"Pound, Ezra",Music and Letters,2
"Pound, Ezra",Musical Times (London),2
"Pound, Ezra","Mussolini, Benito",11
"Pound, Ezra","Nader, Michael E.",4
"Pound, Ezra","Nagy, N. Christophe de",4
"Pound, Ezra","Nalbud, James",2
"Pound, Ezra","Nani, Umberto",2
"Pound, Ezra","[Nardi?], Marcia",2
"Pound, Ezra","Nash, Ogden",2
"Pound, Ezra","Nassano, G. B.",17
"Pound, Ezra",The Nation (New York),2
"Pound, Ezra",National Citizen (London),3
"Pound, Ezra",National Institute of Arts and Letters,23
"Pound, Ezra",National Review,2
"Pound, Ezra",National Workers Party of Great Britain,2
"Pound, Ezra","Neagoe, Peter",2
"Pound, Ezra","Neame, Alan",10
"Pound, Ezra","Nehru, Jawaharlal",2
"Pound, Ezra","Nelson, John Herbert",2
"Pound, Ezra",Neo-Christian,2
"Pound, Ezra","Neumayer, F. B.",15
"Pound, Ezra","Nevinson, Christopher Richard Wynne",2
"Pound, Ezra","The New Act (Millbrook, N. Y.)",3
"Pound, Ezra",New Age,10
"Pound, Ezra",New Democracy,2
"Pound, Ezra",New Directions,2
"Pound, Ezra",The New English Weekly,11
"Pound, Ezra",The New Freeman,2
"Pound, Ezra",New Masses,2
"Pound, Ezra",New Outlook,27
"Pound, Ezra","New Quarterly (Rock Island, Ill.)",2
"Pound, Ezra",The New Republic,22
"Pound, Ezra",New Review (Paris),2
"Pound, Ezra",New Statesman,2
"Pound, Ezra","New Times (Melbourne, Aus.)",2
"Pound, Ezra",New Verse (London),2
"Pound, Ezra",New York Daily News,4
"Pound, Ezra",New York Herald-Tribune,9
"Pound, Ezra",New York Herald-Tribune (Paris),8
"Pound, Ezra",New York Post,2
"Pound, Ezra",New York Sun,9
"Pound, Ezra",New York Times,25
"Pound, Ezra",New Yorker,2
"Pound, Ezra","Newbolt, Henry John, Sir",2
"Pound, Ezra","Newman, Ernest",2
"Pound, Ezra","Newsome, A.",3
"Pound, Ezra","Nichols, Robert",2
"Pound, Ezra","Nichols, Roy Franklin",2
"Pound, Ezra","Nicoletti, Gioacchino",16
"Pound, Ezra","Nicolson, Harold George, Sir",2
"Pound, Ezra","Niebuhr, Reinhold",2
"Pound, Ezra","Niedecker, Lorine",2
"Pound, Ezra","Niemojowski, Jerzy",9
"Pound, Ezra",Nineteenth Century and After,2
"Pound, Ezra","Nirje, Bengt",2
"Pound, Ezra","Nixon, David",23
"Pound, Ezra","Noguchi, Yoné",7
"Pound, Ezra",Noigandres,7
"Pound, Ezra",Nonesuch Press,2
"Pound, Ezra","Norman, Charles",4
"Pound, Ezra","Norman, Montagu Collet Norman, Baron",5
"Pound, Ezra","Norris, K[athleen?]",2
"Pound, Ezra","Norse, Harold",2
"Pound, Ezra",The North American Review,3
"Pound, Ezra","Nott, Stanley",12
"Pound, Ezra","Noyes, Pierrepont B.",2
"Pound, Ezra","Nye, Gerald P.",3
"Pound, Ezra","Nye, H. E. B.",2
"Pound, Ezra","Nyland, W. A.",2
"Pound, Ezra","Obermer, G.",2
"Pound, Ezra",Objectivist Press,2
"Pound, Ezra","O'Brien, Edward Joseph Harrington",3
"Pound, Ezra",The Observer (London),2
"Pound, Ezra","The Observer (Memphis, Tenn.)",2
"Pound, Ezra","Odle, John Elsden",2
"Pound, Ezra","Odlin, Reno",7
"Pound, Ezra","O'Donnell, George Marion",3
"Pound, Ezra","O'Donovan, Denis L.",8
"Pound, Ezra","Ogden, Charles Kay",4
"Pound, Ezra",Ogelthorpe University Press,2
"Pound, Ezra","O'Grady, Desmond",11
"Pound, Ezra","Okada, Tomoji",6
"Pound, Ezra","Olivero, Luigi",2
"Pound, Ezra","Olson, Elder",2
"Pound, Ezra","Olson, Lawrence",2
"Pound, Ezra","Omega Workshop, Ltd.",2
"Pound, Ezra",Oneida Ltd.,2
"Pound, Ezra",The Open Road,2
"Pound, Ezra","Oppen, George",30
"Pound, Ezra","Orage, A. R.",24
"Pound, Ezra","Ordeman, John Talbot",2
"Pound, Ezra","Orlando, F[rancesco]",5
"Pound, Ezra","Orthological Institute (Cambridge, Eng.)",2
"Pound, Ezra","Osborn, Peter S. H.",2
"Pound, Ezra","Osler, Mirabel",4
"Pound, Ezra","Ottone, Marco",7
"Pound, Ezra",Outlook,2
"Pound, Ezra",The Outrider; a Journal for the Civilized Minority,4
"Pound, Ezra","Overholser, Willis A.",3
"Pound, Ezra","Overholser, Winfred",6
"Pound, Ezra","Owen, Peter",12
"Pound, Ezra","Owen, Robert Alexander",2
"Pound, Ezra","Oxford Times (Oxford, England)",2
"Pound, Ezra",Oxford University Press,28
"Pound, Ezra","Pach, Walter",2
"Pound, Ezra","Packard, Reynolds",3
"Pound, Ezra",Pagany; A Native Quarterly,2
"Pound, Ezra","Page, Chester",4
"Pound, Ezra","Page, David",2
"Pound, Ezra","Page, W.S.",2
"Pound, Ezra","Paige, Douglas Duncan",15
"Pound, Ezra","Pais, Andrea",2
"Pound, Ezra","Palmer, David",22
"Pound, Ezra","Palotai, Vilmos",4
"Pound, Ezra","Palwick, Patti",2
"Pound, Ezra",Pantano,2
"Pound, Ezra",Paolillo,2
"Pound, Ezra","Pardo de Santayana, Jesus",2
"Pound, Ezra","Parker, Dereck",2
"Pound, Ezra","Paresce, Giuffrido",15
"Pound, Ezra","Parkes, Henry Banford",2
"Pound, Ezra","Parodi, Giorgio",2
"Pound, Ezra",Partito Nazionale Fascista,1903
"Pound, Ezra","Pasi, Annie",8
"Pound, Ezra","Pasquali, Giorgio",2
"Pound, Ezra","Patmore, Brigit",46
"Pound, Ezra","Patterson, Beulah",2
"Pound, Ezra","Patterson, Ernest Minor",21
"Pound, Ezra","Pattino, Robert",2
"Pound, Ezra","Pavolini, Alessandro",4
"Pound, Ezra","Payne, Miles",2
"Pound, Ezra","Pea, Enrico",18
"Pound, Ezra","Pearce, Donald",3
"Pound, Ezra","Pearn, Pollinger & Higham, Ltd.",2
"Pound, Ezra","Pearson, Norman Holmes ",36
"Pound, Ezra",Folder 1674 [19 l. ; 29 cm. and smaller] ,2
"Pound, Ezra",Folder 1675 [16 l. ; 28 cm. and smaller] ,2
"Pound, Ezra",Folder 1676 [30 l. ; 28 cm. and smaller] ,2
"Pound, Ezra","Folder 1677 [26 p., 5 postcards ; 33 cm. and smaller] ",2
"Pound, Ezra","Folder 1678 [25 p., 2 postcards ; 28 cm. and smaller] ",2
"Pound, Ezra",Folder 1679 [10 letters ; (16) p. ; 28 cm. and smaller] ,2
"Pound, Ezra",Folder 1680 [8 letters ; (13) p. ; 28 cm. and smaller] ,2
"Pound, Ezra",Folder 1681 [12 letters ; (29) p. ; 28 cm. and smaller] ,2
"Pound, Ezra",Folder 1682 [12 letters ; (15) p. ; 28 cm. and smaller] ,2
"Pound, Ezra",Folder 1683 [12 letters ; (16) p. ; 28 cm. and smaller] ,2
"Pound, Ezra",Folder 1684 [(21) p. ; 30 cm. and smaller],2
"Pound, Ezra","Pease, Frank",3
"Pound, Ezra","Peggram, Edwin",2
"Pound, Ezra","Pellegrini, Giampietro Domenico",2
"Pound, Ezra","Pellizzi, Camillo",29
"Pound, Ezra","Pennsylvania, University of",25
"Pound, Ezra","Pennsylvania, University of, Press",2
"Pound, Ezra","Percy of Newcastle, Eustace Percy, Baron",4
"Pound, Ezra","Perinello, Carlo",2
"Pound, Ezra","Perkins, Frances",2
"Pound, Ezra","Perles, Alfred",8
"Pound, Ezra","Perlet, Walter",2
"Pound, Ezra","Peroni, Carlo",21
"Pound, Ezra","Perry, Ronald W.",5
"Pound, Ezra",Perspective,2
"Pound, Ezra","Pettengill, Samuel Barrett",2
"Pound, Ezra",Pettijohn,2
"Pound, Ezra","Pettinato, Concetto (La Stampa)",5
"Pound, Ezra","Pfeiffer, Eric",2
"Pound, Ezra","Phelps, William Lyon",3
"Pound, Ezra","Phillips, William",2
"Pound, Ezra","Picabia, Francis",2
"Pound, Ezra","Picabia, Gabrielle",2
"Pound, Ezra","Picenardi, G. Sommi",3
"Pound, Ezra","Pickman, Edward Motley",2
"Pound, Ezra","Pieraccini, Rolando",4
"Pound, Ezra","Pietrantonio, Luigi",2
"Pound, Ezra","Pilkington, Walter",10
"Pound, Ezra","Pinchot, Amos",3
"Pound, Ezra","Pini, Giorgio",2
"Pound, Ezra","Pinker, James B.",13
"Pound, Ezra","Pisani, Pietro",30
"Pound, Ezra","Pistoni, Goffredo",2
"Pound, Ezra","Plain Dealer (Brighton, Eng.)",2
"Pound, Ezra","Plarr, Victor Gustave",2
"Pound, Ezra","Pleydell-Bouverie, Christopher",2
"Pound, Ezra","Plimpton, George",2
"Pound, Ezra","Podewils, Clemens Graf",2
"Pound, Ezra",Poetry Bookshop,2
"Pound, Ezra",Poetry (Chicago),11
"Pound, Ezra",Poetry Society,2
"Pound, Ezra","Polignac, Winaretta, princesse de",6
"Pound, Ezra","Politi, Mario E.",2
"Pound, Ezra","Pollard, Albert Frederick",2
"Pound, Ezra","Pollinger, Laurence",32
"Pound, Ezra","Pollini, Pier Amilcare",2
"Pound, Ezra",Pologne Litteraire (Warsaw),2
"Pound, Ezra","Polverilli, Gaetano",11
"Pound, Ezra","Pomeroy, Eugene C.",2
"Pound, Ezra","Ponder-Greene, Drew",5
"Pound, Ezra","Pope, Sen. James P.",2
"Pound, Ezra",Il Popolo di Alessandria,2
"Pound, Ezra",Il Popolo d'Italia,2
"Pound, Ezra","Por, Odon",12
"Pound, Ezra","Por, Odon",34
"Pound, Ezra","Porter, Katherine Anne",3
"Pound, Ezra","Porteus, Hugh Gordon",6
"Pound, Ezra","Portsmouth, Gerald Vernon Wallup, Earl of",2
"Pound, Ezra","Postgate, Raymond William",9
"Pound, Ezra","Pound, Homer",2
"Pound, Ezra","Pound, Homer Cuthbert",2
"Pound, Ezra","Pound, Isabel",2
"Pound, Ezra","Pound, Roscoe",2
"Pound, Ezra","Powell, G. F.",2
"Pound, Ezra","Pratt, Bernard",25
"Pound, Ezra","Pratt, Margaret Snively",2
"Pound, Ezra","Pratt, William Crouch",10
"Pound, Ezra","Press, Muriel A. C.",2
"Pound, Ezra","Preston, Raymond",2
"Pound, Ezra","Prezzolini, Giuseppe",2
"Pound, Ezra","Price, John Milburn",5
"Pound, Ezra","Prichard, Louise",2
"Pound, Ezra",Princeton University Library,2
"Pound, Ezra","Prins, Sonja",3
"Pound, Ezra","Proctor, Katharine Wright",2
"Pound, Ezra","Prodan, Mario",2
"Pound, Ezra",Programme (Oxford),2
"Pound, Ezra","Prokosch, Frederic",2
"Pound, Ezra",Prosperity (London),2
"Pound, Ezra","Prosser, Margaret E.",2
"Pound, Ezra","Puccini, Mario",2
"Pound, Ezra",Punjab Literary League,3
"Pound, Ezra","Pura, Eleonora della",2
"Pound, Ezra","Purdy, James",2
"Pound, Ezra","Purnell, Idella",2
"Pound, Ezra","Purpose, London",2
"Pound, Ezra","Putnam, Herbert",2
"Pound, Ezra","Putnam, Samuel",8
"Pound, Ezra",The Quarterly Review,3
"Pound, Ezra","Quasimodo, Salvatore",4
"Pound, Ezra","Quiano, [?]",4
"Pound, Ezra","Quiller-Couch, Arthur Thomas, Sir",2
"Pound, Ezra","Quinn, John",17
"Pound, Ezra","Quinn, Sr. Mary Bernetta",44
"Pound, Ezra","de Rachewiltz, Boris",2
"Pound, Ezra","de Rachewiltz, Mary",2
"Pound, Ezra","Rackham, Arthur[?]",2
"Pound, Ezra","Rader, Jim",2
"Pound, Ezra","Rago, Henry (Poetry)",5
"Pound, Ezra","Raine, Kathleen",2
"Pound, Ezra","Rainer, Dachine",2
"Pound, Ezra","Rakosi, Carl",5
"Pound, Ezra","Ramperti, Marco",24
"Pound, Ezra","Ramsey, Warren",2
"Pound, Ezra","Rand, James Henry",2
"Pound, Ezra",Random House (New York),2
"Pound, Ezra","Ransom, John Crowe",2
"Pound, Ezra","Rapicavoli, [Carme?]",2
"Pound, Ezra","Rappaport, C.E.",2
"Pound, Ezra","Rappaport, Mitchell",2
"Pound, Ezra","Raymond, Thomas Lynch",2
"Pound, Ezra","Read, Forrest",7
"Pound, Ezra","Read, Herbert Edward, Sir",2
"Pound, Ezra","Read, Susan",2
"Pound, Ezra","Reade, Arthur E.",3
"Pound, Ezra","Reck, Michael",9
"Pound, Ezra","Reckitt, Maurice Bennington",4
"Pound, Ezra","Reed, James A.",2
"Pound, Ezra","Rees, Garnet",2
"Pound, Ezra","Reeves, Harold",2
"Pound, Ezra","Regnery, Henry",7
"Pound, Ezra","Regnier, Henri de",2
"Pound, Ezra","Reid, John",23
"Pound, Ezra","Reid, John Gibert",2
"Pound, Ezra","Reid, Ralph",13
"Pound, Ezra","Rella, Hector",4
"Pound, Ezra","Rennert, Hugo Albert",2
"Pound, Ezra",Republican Club of the City of New York,2
"Pound, Ezra",Republican National Committee,2
"Pound, Ezra",Revue Anglo-Americiane,2
"Pound, Ezra",La Revue Universelle,2
"Pound, Ezra","Rexroth, Kenneth",2
"Pound, Ezra",Reynolds's Illustrated News (London),2
"Pound, Ezra","Rhotert, Hans",2
"Pound, Ezra","Rhys, Ernest",9
"Pound, Ezra","Ricci, Corrado",2
"Pound, Ezra","Rice, Virginia",18
"Pound, Ezra",The Richmond News Leader,3
"Pound, Ezra","Riegel, Edwin C.",2
"Pound, Ezra","Ridpath, Florence",2
"Pound, Ezra","Righini, Guido Hess",2
"Pound, Ezra","Rinehart & Company, Inc.",2
"Pound, Ezra","Ritchie, Albert Cabell",2
"Pound, Ezra","Ritchie, Eleanor",3
"Pound, Ezra","Rittenhouse, Jessie Belle",4
"Pound, Ezra","Ritter, Fernando",15
"Pound, Ezra",River; a Magazine in the Deep South,2
"Pound, Ezra","Rivera, Francisco",3
"Pound, Ezra","Rivoire, Mario",16
"Pound, Ezra","Robbins, J. Albert",2
"Pound, Ezra","Robbins, Lionel",2
"Pound, Ezra","Roberts, Michael",7
"Pound, Ezra","Roberts, William",2
"Pound, Ezra","Robertson, C. A.",2
"Pound, Ezra","Robinson, Arthur Raymond",2
"Pound, Ezra","Robinson, Lennox",2
"Pound, Ezra","Rocca, G. Giovanni",14
"Pound, Ezra","Rocke, Cyril",6
"Pound, Ezra",The Rocking-Horse (Madison),2
"Pound, Ezra","Rodker, John",41
"Pound, Ezra","Rodman, Selden",9
"Pound, Ezra","Rogers, Bruce",10
"Pound, Ezra","Romains, Jules",2
"Pound, Ezra","Roosevelt, Eleanor",6
"Pound, Ezra","Roosevelt, Franklin Delano",2
"Pound, Ezra","Roosevelt, Theodore",2
"Pound, Ezra","Root, Waverly Lewis",2
"Pound, Ezra","Rorty, James",2
"Pound, Ezra","Rosati, Salvatore",2
"Pound, Ezra","Rose, William",2
"Pound, Ezra","Rosenberg, Harold",2
"Pound, Ezra","Rosenthal, [Macha Louis]",2
"Pound, Ezra","Rossaro, Edgardo",17
"Pound, Ezra","Rossoni, Edmonds",2
"Pound, Ezra","Roth, Samuel",2
"Pound, Ezra","Roughton, Roger",2
"Pound, Ezra","Rouse, W. H. D.",20
"Pound, Ezra","Routledge, George and Sons, publishers",6
"Pound, Ezra","Rovere, Richard H.",2
"Pound, Ezra","Rowe, H.D.",2
"Pound, Ezra","Rowse, A. L.",2
"Pound, Ezra","Royden, Agnes Maude",2
"Pound, Ezra","Rudge, Olga",3
"Pound, Ezra","Rukeyser, Muriel",2
"Pound, Ezra","Rummel, Walter Morse",29
"Pound, Ezra","Runes, Dagobert David",2
"Pound, Ezra","Rupnik, Carlo",29
"Pound, Ezra",Rural Reconstruction Association,2
"Pound, Ezra","Ruspoli, [Francesco]",2
"Pound, Ezra","Russell, Bertrand",2
"Pound, Ezra","Russell, Peter",14
"Pound, Ezra","Ryder, David Warren",2
"Pound, Ezra","""S"" General",53
"Pound, Ezra","Saarinen, Aline Bernstein",2
"Pound, Ezra","Saba, Umberto",4
"Pound, Ezra",Sachsischen Landesbibliothek,2
"Pound, Ezra","Sackler, Howard O.",2
"Pound, Ezra",St. Louis Post-Dispatch,2
"Pound, Ezra","Salazar, Adolfo",2
"Pound, Ezra","Saltmarsh, Max",2
"Pound, Ezra","Salvalaggio, Nantas",2
"Pound, Ezra","Sammartano, Nino",11
"Pound, Ezra","Samuel, Marcus",2
"Pound, Ezra","Sanavio, Piero",4
"Pound, Ezra","Sanchez, Macario",2
"Pound, Ezra","Sandburg, Carl",51
"Pound, Ezra","San Faustino, Jane",11
"Pound, Ezra","San Faustino, Ranieri",22
"Pound, Ezra","Sansoni, Giovanni",2
"Pound, Ezra","""Santa Claus""",2
"Pound, Ezra",Santa Fe New Mexican,2
"Pound, Ezra","Santayana, George",8
"Pound, Ezra","de Santayana, J. Pardo",2
"Pound, Ezra","Santomaso, Filippo",2
"Pound, Ezra","Sarfatti, Margherita Grassini",3
"Pound, Ezra","Saroyan, William",2
"Pound, Ezra","Sartoris, Cecile",2
"Pound, Ezra",The Saturday Review (London),2
"Pound, Ezra",The Saturday Review of Literature,2
"Pound, Ezra","Saunders, A. Percy",15
"Pound, Ezra","Saunders, Helen",2
"Pound, Ezra","Saviotti, Gino",31
"Pound, Ezra","de Savitsch, Eugene",2
"Pound, Ezra","Sayce, Leonard",2
"Pound, Ezra","Sayer, George S.",2
"Pound, Ezra","Sayers, Dorothy L.",2
"Pound, Ezra","Sayers, Michael",3
"Pound, Ezra","Sberro, Joseph M.",3
"Pound, Ezra","Scarfoglio, Carlo",26
"Pound, Ezra","Scarpa, Giovannina",2
"Pound, Ezra","Schaeffers, Joseph",2
"Pound, Ezra","Schafer, R. Murray",2
"Pound, Ezra","Scheiwiller, Giovanni",15
"Pound, Ezra","Scheiwiller, Vanni",20
"Pound, Ezra","Schelling, Felix Emmanuel",24
"Pound, Ezra","Schirmer, G.",2
"Pound, Ezra","de Schloezer, Boris",4
"Pound, Ezra","Schmied, Wieland",2
"Pound, Ezra","Schneditz, Wolfgang",2
"Pound, Ezra","Schneider, Elisabeth Wintersteen",6
"Pound, Ezra","Schneider, Friedrich",2
"Pound, Ezra","Schuyler, Montgomery",2
"Pound, Ezra","Schwartz, Delmore",2
"Pound, Ezra","Schwartz, Jacob",32
"Pound, Ezra","Schwartzwald, Hermann",12
"Pound, Ezra","Science Service, Inc.",2
"Pound, Ezra","Scollard, Clinton",6
"Pound, Ezra","Scott, Kenneth",2
"Pound, Ezra","Scott, Laurence",9
"Pound, Ezra",Scottish National Academy,2
"Pound, Ezra","Scratton, Bride",2
"Pound, Ezra",Scrutiny,2
"Pound, Ezra","Scrutton, Robert J.",2
"Pound, Ezra",Seaboard White Citizens Councils,2
"Pound, Ezra","Seaton, Allan",9
"Pound, Ezra","Seaver, Edwin",2
"Pound, Ezra",Il Secolo XIX (Genoa),2
"Pound, Ezra","Seel, Else L.",11
"Pound, Ezra","Seidel, Frederick L.",2
"Pound, Ezra","Selfridge, Harry Gordon",2
"Pound, Ezra","Sellner, Gustav R.",2
"Pound, Ezra","Selva, Salomon de la",2
"Pound, Ezra","Selver, Paul",2
"Pound, Ezra",The Senate; a review of modern and progressive thought,2
"Pound, Ezra","Serly, Tibor",15
"Pound, Ezra","Serravalli, Luigi",12
"Pound, Ezra",Servire Press,2
"Pound, Ezra","Seton, Graham",2
"Pound, Ezra","Settani, Ettore",2
"Pound, Ezra","Setterlind, Bo",6
"Pound, Ezra",Sewanee Review,2
"Pound, Ezra","Seymour, George Steele",4
"Pound, Ezra","Seymour, Ralph Fletcher",11
"Pound, Ezra","Shakespear, Olivia",2
"Pound, Ezra",Shakespear and Parkyn,11
"Pound, Ezra","Sharp, Evelyn",2
"Pound, Ezra","Sharpe, L.G.",2
"Pound, Ezra","Shapiro, Karl Jay",2
"Pound, Ezra","Sharrock, Roger",3
"Pound, Ezra","Shaw, George Bernard",2
"Pound, Ezra","Sheehan, Vincent",2
"Pound, Ezra","Shelton, Blanche",2
"Pound, Ezra",Shenandoah,11
"Pound, Ezra","Shepard, William P.",11
"Pound, Ezra","Sherby, J. M.",2
"Pound, Ezra","Shipstead, Henrik",2
"Pound, Ezra","Shuts, Charles",4
"Pound, Ezra","Sibthorp, J. W.",2
"Pound, Ezra","Siciliano, Enzo",2
"Pound, Ezra","Siegel, Fred",2
"Pound, Ezra",Silver Shirt Legion of America,2
"Pound, Ezra","Simmons, Barrie",2
"Pound, Ezra","Simon, Charlie May Hogue",2
"Pound, Ezra","Simondetti, D.",2
"Pound, Ezra","Simpson, W. Dallam",12
"Pound, Ezra","Sinclair, May",15
"Pound, Ezra","Sinclair, Upton",32
"Pound, Ezra","Sivi, Emilio",2
"Pound, Ezra",Skamander,2
"Pound, Ezra","Slatin, Myles",3
"Pound, Ezra","Slavin, George",17
"Pound, Ezra","Slinger, John R.W.",2
"Pound, Ezra","Slocum, John",24
"Pound, Ezra","Small, Maynard and Co.",3
"Pound, Ezra",Smart Set (New York),2
"Pound, Ezra","Smit, Wigge Alfred Pierre",2
"Pound, Ezra","Smith, Edwin O.",3
"Pound, Ezra","Smith, Joseph E.",2
"Pound, Ezra",Smith and McCance,2
"Pound, Ezra","Smith, Phyllis",2
"Pound, Ezra","[Smith, William Brooke]",2
"Pound, Ezra","Smyth, Frederic Hastings",2
"Pound, Ezra","Snyder, Bob",2
"Pound, Ezra","Soames, Jane",4
"Pound, Ezra",Social Credit associations,28
"Pound, Ezra",Social Credit Party of Great Britain and Northern Ireland,2
"Pound, Ezra",Societa Dei Concerti,2
"Pound, Ezra","[Solari?], P.",2
"Pound, Ezra","Solari, Silvio",25
"Pound, Ezra","Soldato, Giuseppi",19
"Pound, Ezra","Solibakke, Eric",4
"Pound, Ezra","Somers, Homer L.",13
"Pound, Ezra","Somervell, David Churchill",2
"Pound, Ezra","Sommi-Picenardi, Giuseppe",3
"Pound, Ezra","Soupault, Philippe",2
"Pound, Ezra","Soutar, William",2
"Pound, Ezra",The Southern Review,2
"Pound, Ezra","Spampanto, Bruno",2
"Pound, Ezra","Spann, Marcella",3
"Pound, Ezra","Spaziani, Maria Luisa",2
"Pound, Ezra","Spearman, Neville",2
"Pound, Ezra",The Spectator,3
"Pound, Ezra","Spencer, Theodore",7
"Pound, Ezra","Spender, John Alfred",2
"Pound, Ezra","Spender, Stephen",3
"Pound, Ezra","Spinedi, Francesco",2
"Pound, Ezra","Spire, Andre",2
"Pound, Ezra","Sprague, Oliver Mitchell Wentworth",2
"Pound, Ezra","Sprigge, Elizabeth",2
"Pound, Ezra","Sraffa, Angelo",5
"Pound, Ezra","Stafford, J. Richard",5
"Pound, Ezra","Stamm, Rudolf",2
"Pound, Ezra",La Stampa (Turin),2
"Pound, Ezra","Stancioff, Ivan",2
"Pound, Ezra","Stancioff, Marion",25
"Pound, Ezra","Stansbury, H.H.",2
"Pound, Ezra","Stefani, Alberto de",2
"Pound, Ezra","Steffens, Lincoln",7
"Pound, Ezra","Steiner, George",2
"Pound, Ezra","Stenmark, Georg",2
"Pound, Ezra","Stephens, Pauline Eleanore",4
"Pound, Ezra","Stephens, Pauline Francis",2
"Pound, Ezra","Stevens, C. C.",15
"Pound, Ezra","Stevens, Holly",2
"Pound, Ezra","Stevens, Wallace",2
"Pound, Ezra","Stewart, Desmond Stirling",8
"Pound, Ezra","Stewart, Zeph",2
"Pound, Ezra","Stieglitz, Alfred",2
"Pound, Ezra","Stilwell, Robert Lee",2
"Pound, Ezra","Stock, Noel",25
"Pound, Ezra","Stoddard, Theodore Lothrop",2
"Pound, Ezra","Stokes, Adrian",11
"Pound, Ezra","Stone, Geoffrey",4
"Pound, Ezra","Stone, Harlan Fiske",2
"Pound, Ezra","Storer, Tom",5
"Pound, Ezra","Storrs, Ronald, Sir",4
"Pound, Ezra",Story,2
"Pound, Ezra","Stowitts, Hubert J.",2
"Pound, Ezra","Stravinsky, Soulima",2
"Pound, Ezra","Strater, Henry",6
"Pound, Ezra","Stresino, Edward",3
"Pound, Ezra","Stroesco, Constantin",2
"Pound, Ezra","Strong, Eugenie Sellers",5
"Pound, Ezra","Stroock, Alan M.",2
"Pound, Ezra","Studer, Clara",8
"Pound, Ezra","Stummvoll, Josef Leopold",2
"Pound, Ezra","Suarez, Telesforo Fuentes",2
"Pound, Ezra","Sullivan, John Patrick",2
"Pound, Ezra","Summerville, Robert C.",2
"Pound, Ezra",Sunday School Times,2
"Pound, Ezra","Sung, Far-san T.",2
"Pound, Ezra","Sun, Veronica",6
"Pound, Ezra","Swabey, Henry S.",16
"Pound, Ezra","Swabey, Henry S.",38
"Pound, Ezra","Swansea, Charleen Whisnant",20
"Pound, Ezra","Sweeney, James Johnson",3
"Pound, Ezra","Swope, Herbert Bayard",2
"Pound, Ezra","Sykes, Mark",3
"Pound, Ezra","Symons, Julian",2
"Pound, Ezra",The Symposium; a critical review,3
"Pound, Ezra","Szymanski, Leszek",2
"Pound, Ezra","Taft, Robert A.",2
"Pound, Ezra","Taft, William Howard",2
"Pound, Ezra","Taggard, Genevieve",2
"Pound, Ezra","Tagore, Rabindranath",2
"Pound, Ezra","Tambimuttu, Thurairjah",2
"Pound, Ezra","Tasca, Alessandro",17
"Pound, Ezra","Tate, Allen",21
"Pound, Ezra","Tate, Vernon Dale",2
"Pound, Ezra",Tate Gallery (London),2
"Pound, Ezra","Tauchnitz, Bernhard",8
"Pound, Ezra","Taupin, Rene",4
"Pound, Ezra","Tavistock, Hastings William Sackville Russell, Marquis of",2
"Pound, Ezra","Taylor, F. H. G.",2
"Pound, Ezra","Telesio, C.",2
"Pound, Ezra","Temple, F. J.",2
"Pound, Ezra",Tempo (Milan),2
"Pound, Ezra","Tennyson, Charles, Sir",2
"Pound, Ezra","Teodorani, Vanni",4
"Pound, Ezra","Ter Heun, Evangeline Kroh",2
"Pound, Ezra","Terrell, George B.",2
"Pound, Ezra","Terres, Jaime Garcia",2
"Pound, Ezra","Texas, University of (Austin)",2
"Pound, Ezra","Thayaht, Ernesto",2
"Pound, Ezra","Thayer, Scofield",2
"Pound, Ezra","Thayer, Tiffany",4
"Pound, Ezra",Theatre Arts Magazine,2
"Pound, Ezra","Theis, Louise Morgan",2
"Pound, Ezra","Theobald, John Richmond",2
"Pound, Ezra","Thieme, Hugo Paul",2
"Pound, Ezra","Thirlwall, John Connor",6
"Pound, Ezra",This Quarter (Paris),2
"Pound, Ezra","Thoma, Richard",2
"Pound, Ezra","Thomas, Elmer",2
"Pound, Ezra",Thomas Y. Crowell Co.,2
"Pound, Ezra","Thompson, Frank",2
"Pound, Ezra","Thompson, Harold Wilham",4
"Pound, Ezra","Thomson, Alexander Raven",21
"Pound, Ezra",Three Mountains Press,2
"Pound, Ezra","Thurmond, Hope",2
"Pound, Ezra",Time,2
"Pound, Ezra",Time and Tide,11
"Pound, Ezra",The Times (London),33
"Pound, Ezra",The Times Literary Supplement,31
"Pound, Ezra","Tinayre, Yves",2
"Pound, Ezra","Tinkham, George Holden",21
"Pound, Ezra","Titus, Edward W.",2
"Pound, Ezra","To, Publishers",2
"Pound, Ezra","Tobias, Paul H.",2
"Pound, Ezra","Tobino, Mario",2
"Pound, Ezra","Todd, Ruthven",2
"Pound, Ezra","Tomlinson, Henry Major",2
"Pound, Ezra","Townley, Ephera V.",5
"Pound, Ezra","Townsend, Francis Everett",2
"Pound, Ezra",The Townsman,2
"Pound, Ezra","Tranquillini, T.",2
"Pound, Ezra",The Transatlantic Review,2
"Pound, Ezra","Traverso, Leone",10
"Pound, Ezra","Trego, Susie Boice",3
"Pound, Ezra","Trilling, Ossia",2
"Pound, Ezra","Troubetzkoy, Natalie",2
"Pound, Ezra","Truelove, M. Thomas",2
"Pound, Ezra","Tucci, Giuseppe",2
"Pound, Ezra","Tucker, Edith E. and Nelly",9
"Pound, Ezra","Tucker, Henry Tudor",2
"Pound, Ezra","Tulloch, Percy",5
"Pound, Ezra","Turcotti, Erminio",3
"Pound, Ezra","Turner, Harry",2
"Pound, Ezra",Tuskegee Institute,2
"Pound, Ezra","Tutte, W.A.",2
"Pound, Ezra","Tweddell, Francis",19
"Pound, Ezra","Tweedsmuir, John Buchan, Baron",2
"Pound, Ezra","Tyler, Parker",11
"Pound, Ezra","Ueda, Tamotsu",2
"Pound, Ezra",Ufficio Stampa del Capo del Governo,2
"Pound, Ezra","Ullmann, F.",10
"Pound, Ezra","Ungaro, Adriano",6
"Pound, Ezra","Unruh, Federica von",2
"Pound, Ezra",Union of Democratic Control,3
"Pound, Ezra",U. S. Consulate (Genoa),32
"Pound, Ezra",U. S. Copyright Office,2
"Pound, Ezra",U. S. Embassy (Paris),2
"Pound, Ezra",U. S. Government Printing Ofice,2
"Pound, Ezra",U. S. Supreme Court,13
"Pound, Ezra",U. S. Treasury Department,2
"Pound, Ezra",Universita Commerciale Luigi Bocconi,2
"Pound, Ezra","Unterguggenberger, Rosa",2
"Pound, Ezra","Untermeyer, Louis",20
"Pound, Ezra","Valeri, Diego",8
"Pound, Ezra",Vallecchi,2
"Pound, Ezra","Van Buren, Albert William",2
"Pound, Ezra","Vandenberg, Arthur H.",2
"Pound, Ezra","Vanderpyl, Fritz",4
"Pound, Ezra","Van Doren, Irita",2
"Pound, Ezra","Van Doren, Mark",2
"Pound, Ezra",Vanity Fair,2
"Pound, Ezra","Van Leers, O.",3
"Pound, Ezra","Van Loo, Emil",2
"Pound, Ezra","Vare, Daniele",2
"Pound, Ezra",Varietes,2
"Pound, Ezra","Vasse, Wilheim",2
"Pound, Ezra","Vaugh-Henry, Leigh",2
"Pound, Ezra","Vázquez Amaral, José",12
"Pound, Ezra",Il Verri (Milan),2
"Pound, Ezra","Vergara, Arthur",2
"Pound, Ezra","Versaci, Francesco",3
"Pound, Ezra","Vettori, Vittorio",6
"Pound, Ezra","Vicari, Giambattista",24
"Pound, Ezra","Vickers, Vincent Cartwright",2
"Pound, Ezra","Viereck, George Sylvester",29
"Pound, Ezra",Viewpoint; a critical review,2
"Pound, Ezra","Villari, Luigi",25
"Pound, Ezra","Villiers, Andre de",2
"Pound, Ezra","Vines, Sherard",2
"Pound, Ezra","Viola, Ofelia",3
"Pound, Ezra",The Virginia Quarterly Review,2
"Pound, Ezra","Viscardini, Mario",2
"Pound, Ezra",La Vittoria,2
"Pound, Ezra","Vittorini, Elio",2
"Pound, Ezra","Vivante, Leone and Elena",2
"Pound, Ezra","Vogel, Joseph",19
"Pound, Ezra","Voorhis, Horace Jeremiah",2
"Pound, Ezra",Vou,2
"Pound, Ezra","Wadsworth, Charles",2
"Pound, Ezra","Wadsworth, Edward",5
"Pound, Ezra","Wadsworth, P. Beaumont",36
"Pound, Ezra","Wadsworth, William",8
"Pound, Ezra","Walker, James",3
"Pound, Ezra","Wallace, Henry Agard",7
"Pound, Ezra","Walpole, Hugh, Sir",2
"Pound, Ezra","Walsh, Ernest J.",2
"Pound, Ezra","Wang, David Rafael",5
"Pound, Ezra","Warburg, James Paul",2
"Pound, Ezra","Watkins, Inc. [Ann]",9
"Pound, Ezra","Watson, James Sibley, Jr.",2
"Pound, Ezra","Watt, Arthur",2
"Pound, Ezra","Watt, William",5
"Pound, Ezra",Way Out,2
"Pound, Ezra","Weaver, Harriet Shaw",2
"Pound, Ezra","Webb, Montagu de Pomeroy, Sir",2
"Pound, Ezra","Wedgwood, Josiah Clement Wedgwood,",2
"Pound, Ezra",Baron,2
"Pound, Ezra",Weekly News (Rome),2
"Pound, Ezra","West, Herbert Faulkner",2
"Pound, Ezra",Westminster Magazine,2
"Pound, Ezra","Weston, Frances",2
"Pound, Ezra","Weston, Kenneth",2
"Pound, Ezra","Wharton, Edith",2
"Pound, Ezra","Wheeler, Burton Kendall",5
"Pound, Ezra","Wheelwright, John Brooks",2
"Pound, Ezra","Wheelwright, Philip Ellis",2
"Pound, Ezra","Whigham, Peter",12
"Pound, Ezra","Whitcomb, Robert",2
"Pound, Ezra","Whitehead, Alfred North",2
"Pound, Ezra","Whittaker, William Gillies",7
"Pound, Ezra",Who's Who,27
"Pound, Ezra","Wilkinson, Ellen",2
"Pound, Ezra","Willkie, Edith",2
"Pound, Ezra","Williams, Emmet",2
"Pound, Ezra","Williams, Ernest",2
"Pound, Ezra","Williams, Florence Herman",2
"Pound, Ezra","Williams, William Carlos",62
"Pound, Ezra","Willson, Patty Gurd",2
"Pound, Ezra",Willy,2
"Pound, Ezra","Wilson, Grace",2
"Pound, Ezra","Wilson, Robert McNair",31
"Pound, Ezra","Wilson, T. C.",10
"Pound, Ezra","Windeler, B. Cyril",38
"Pound, Ezra",The Windsor Quarterly,2
"Pound, Ezra","Winslow, Elizabeth",6
"Pound, Ezra","Winslow, Marcella",3
"Pound, Ezra","Winters, Yvor",2
"Pound, Ezra","Winterton, Edward Turnour, Earl of",2
"Pound, Ezra","Wolfe, Humbert",2
"Pound, Ezra","Woodman, Dorothy",2
"Pound, Ezra","Woods, Margaret",2
"Pound, Ezra","Woodward, E. S.",32
"Pound, Ezra","Woodward, Helen [Mrs. William E.]",2
"Pound, Ezra","Woodward, William E.",15
"Pound, Ezra","Woollcott, Alexander",2
"Pound, Ezra",World Peace Prayer Conference,3
"Pound, Ezra","World Peaceways, Inc.",4
"Pound, Ezra",Writer's Union,2
"Pound, Ezra","Wykes-Joyce, Liza",2
"Pound, Ezra","Wykes-Joyce, Max",6
"Pound, Ezra","Wyllie, J.C.",2
"Pound, Ezra",Yale Literary Magazine,2
"Pound, Ezra",Yale University Press,2
"Pound, Ezra","Yang, Feng-Chi",3
"Pound, Ezra","Yeats, Elizabeth Corbett",2
"Pound, Ezra","Yeats, Georgie Lees",2
"Pound, Ezra","Yeats, John Butler",3
"Pound, Ezra","Yeats, W. B. (William Butler)",52
"Pound, Ezra","Yeats-Brown, Francis Charles Claypon",7
"Pound, Ezra","York, Archbishop of",2
"Pound, Ezra",Yorkshire Post and Leeds Mercury,2
"Pound, Ezra","Young, David",13
"Pound, Ezra","Young, Viola",2
"Pound, Ezra","Zabel, Morton Dauwen",5
"Pound, Ezra","Zappa, [Paolo]",13
"Pound, Ezra",Zero Press,2
"Pound, Ezra","Zorach, William",2
"Pound, Ezra","Zuhevi, Irat-Husain",6
"Pound, Ezra","Zukofsky, Louis",59
"Pound, Ezra","Zukofsky, Paul",2
"Pound, Ezra","Zur, Bernard",2
